region,month,inflation,year,date
BANYUWANGI,Januari,4.73,2024,1/1/2024
BANYUWANGI,Februari,5.84,2024,2/1/2024
BANYUWANGI,Maret,5.73,2024,3/1/2024
BANYUWANGI,April,6.66,2024,4/1/2024
BANYUWANGI,Mei,5.95,2024,5/1/2024
BANYUWANGI,Juni,3.53,2024,6/1/2024
BANYUWANGI,Juli,3.03,2024,7/1/2024
BANYUWANGI,Agustus,1.77,2024,8/1/2024
BANYUWANGI,September,1.35,2024,9/1/2024
BANYUWANGI,Oktober,1.06,2024,10/1/2024
BANYUWANGI,November,-0.84,2024,11/1/2024
BANYUWANGI,Desember,0.46,2024,12/1/2024
BANYUWANGI,Januari,3.74,2025,1/1/2025
BANYUWANGI,Februari,1.25,2025,2/1/2025
BANYUWANGI,Maret,1.85,2025,3/1/2025
BANYUWANGI,April,-0.03,2025,4/1/2025
BANYUWANGI,Mei,-2.08,2025,5/1/2025
BANYUWANGI,Juni,1.35,2025,6/1/2025
BANYUWANGI,Juli,2.71,2025,7/1/2025
BANYUWANGI,Agustus,3.5,2025,8/1/2025
BANYUWANGI,September,4.54,2025,9/1/2025
BANYUWANGI,Oktober,4.18,2025,10/1/2025
BANYUWANGI,November,4.24,2025,11/1/2025
BANYUWANGI,Desember,4.7,2025,12/1/2025
BANYUWANGI,Januari,0.17,2026,1/1/2026
BANYUWANGI,Februari,3.24,2026,2/1/2026
BANYUWANGI,Maret,3.4,2026,3/1/2026
BANYUWANGI,April,4.21,2026,4/1/2026
BANYUWANGI,Mei,7.27,2026,5/1/2026
BULUKUMBA,Januari,4.88,2024,1/1/2024
BULUKUMBA,Februari,4.76,2024,2/1/2024
BULUKUMBA,Maret,4.04,2024,3/1/2024
BULUKUMBA,April,3.69,2024,4/1/2024
BULUKUMBA,Mei,1.99,2024,5/1/2024
BULUKUMBA,Juni,2,2024,6/1/2024
BULUKUMBA,Juli,1.42,2024,7/1/2024
BULUKUMBA,Agustus,1.37,2024,8/1/2024
BULUKUMBA,September,0.69,2024,9/1/2024
BULUKUMBA,Oktober,0.71,2024,10/1/2024
BULUKUMBA,November,-0.25,2024,11/1/2024
BULUKUMBA,Desember,-0.78,2024,12/1/2024
BULUKUMBA,Januari,0.67,2025,1/1/2025
BULUKUMBA,Februari,0.89,2025,2/1/2025
BULUKUMBA,Maret,2.28,2025,3/1/2025
BULUKUMBA,April,3.3,2025,4/1/2025
BULUKUMBA,Mei,3.63,2025,5/1/2025
BULUKUMBA,Juni,4.15,2025,6/1/2025
BULUKUMBA,Juli,5.7,2025,7/1/2025
BULUKUMBA,Agustus,6.31,2025,8/1/2025
BULUKUMBA,September,5.92,2025,9/1/2025
BULUKUMBA,Oktober,5.66,2025,10/1/2025
BULUKUMBA,November,5.18,2025,11/1/2025
BULUKUMBA,Desember,4.4,2025,12/1/2025
BULUKUMBA,Januari,3.65,2026,1/1/2026
BULUKUMBA,Februari,4.74,2026,2/1/2026
BULUKUMBA,Maret,4.41,2026,3/1/2026
BULUKUMBA,April,4.78,2026,4/1/2026
BULUKUMBA,Mei,4.92,2026,5/1/2026
CILACAP,Januari,5.13,2024,1/1/2024
CILACAP,Februari,6.4,2024,2/1/2024
CILACAP,Maret,8.58,2024,3/1/2024
CILACAP,April,7.24,2024,4/1/2024
CILACAP,Mei,6.27,2024,5/1/2024
CILACAP,Juni,4.19,2024,6/1/2024
CILACAP,Juli,3.9,2024,7/1/2024
CILACAP,Agustus,3.47,2024,8/1/2024
CILACAP,September,2.25,2024,9/1/2024
CILACAP,Oktober,2.69,2024,10/1/2024
CILACAP,November,1.12,2024,11/1/2024
CILACAP,Desember,2.26,2024,12/1/2024
CILACAP,Januari,5.27,2025,1/1/2025
CILACAP,Februari,2.38,2025,2/1/2025
CILACAP,Maret,2,2025,3/1/2025
CILACAP,April,1.35,2025,4/1/2025
CILACAP,Mei,-0.58,2025,5/1/2025
CILACAP,Juni,2.6,2025,6/1/2025
CILACAP,Juli,3.6,2025,7/1/2025
CILACAP,Agustus,3.73,2025,8/1/2025
CILACAP,September,5.54,2025,9/1/2025
CILACAP,Oktober,5.21,2025,10/1/2025
CILACAP,November,4.56,2025,11/1/2025
CILACAP,Desember,4.49,2025,12/1/2025
CILACAP,Januari,-1.19,2026,1/1/2026
CILACAP,Februari,2.7,2026,2/1/2026
CILACAP,Maret,2.96,2026,3/1/2026
CILACAP,April,3.2,2026,4/1/2026
CILACAP,Mei,6.35,2026,5/1/2026
INDONESIA,Januari,5.84,2024,1/1/2024
INDONESIA,Februari,6.73,2024,2/1/2024
INDONESIA,Maret,8.09,2024,3/1/2024
INDONESIA,April,7.65,2024,4/1/2024
INDONESIA,Mei,6.62,2024,5/1/2024
INDONESIA,Juni,5.11,2024,6/1/2024
INDONESIA,Juli,3.43,2024,7/1/2024
INDONESIA,Agustus,2.98,2024,8/1/2024
INDONESIA,September,1.87,2024,9/1/2024
INDONESIA,Oktober,1.51,2024,10/1/2024
INDONESIA,November,0.69,2024,11/1/2024
INDONESIA,Desember,1.01,2024,12/1/2024
INDONESIA,Januari,3.24,2025,1/1/2025
INDONESIA,Februari,1.43,2025,2/1/2025
INDONESIA,Maret,1.25,2025,3/1/2025
INDONESIA,April,1.4,2025,4/1/2025
INDONESIA,Mei,0.02,2025,5/1/2025
INDONESIA,Juni,1.24,2025,6/1/2025
INDONESIA,Juli,3.54,2025,7/1/2025
INDONESIA,Agustus,3.99,2025,8/1/2025
INDONESIA,September,5.34,2025,9/1/2025
INDONESIA,Oktober,5.38,2025,10/1/2025
INDONESIA,November,4.52,2025,11/1/2025
INDONESIA,Desember,4.95,2025,12/1/2025
INDONESIA,Januari,1.22,2026,1/1/2026
INDONESIA,Februari,3.7,2026,2/1/2026
INDONESIA,Maret,3.5,2026,3/1/2026
INDONESIA,April,3.1,2026,4/1/2026
INDONESIA,Mei,5.4,2026,5/1/2026
JEMBER,Januari,4.31,2024,1/1/2024
JEMBER,Februari,5.45,2024,2/1/2024
JEMBER,Maret,6.79,2024,3/1/2024
JEMBER,April,6.89,2024,4/1/2024
JEMBER,Mei,5.56,2024,5/1/2024
JEMBER,Juni,3.79,2024,6/1/2024
JEMBER,Juli,3.4,2024,7/1/2024
JEMBER,Agustus,3.4,2024,8/1/2024
JEMBER,September,2.31,2024,9/1/2024
JEMBER,Oktober,2.14,2024,10/1/2024
JEMBER,November,1.19,2024,11/1/2024
JEMBER,Desember,2.29,2024,12/1/2024
JEMBER,Januari,6,2025,1/1/2025
JEMBER,Februari,3.16,2025,2/1/2025
JEMBER,Maret,2.59,2025,3/1/2025
JEMBER,April,0.08,2025,4/1/2025
JEMBER,Mei,-1.17,2025,5/1/2025
JEMBER,Juni,1.51,2025,6/1/2025
JEMBER,Juli,2.68,2025,7/1/2025
JEMBER,Agustus,2.94,2025,8/1/2025
JEMBER,September,4.11,2025,9/1/2025
JEMBER,Oktober,3.85,2025,10/1/2025
JEMBER,November,3.46,2025,11/1/2025
JEMBER,Desember,4.38,2025,12/1/2025
JEMBER,Januari,-0.53,2026,1/1/2026
JEMBER,Februari,3.77,2026,2/1/2026
JEMBER,Maret,4.22,2026,3/1/2026
JEMBER,April,4.96,2026,4/1/2026
JEMBER,Mei,7.56,2026,5/1/2026
KAB ACEH TAMIANG,Januari,2.23,2024,1/1/2024
KAB ACEH TAMIANG,Februari,1.76,2024,2/1/2024
KAB ACEH TAMIANG,Maret,5.73,2024,3/1/2024
KAB ACEH TAMIANG,April,4.63,2024,4/1/2024
KAB ACEH TAMIANG,Mei,6.01,2024,5/1/2024
KAB ACEH TAMIANG,Juni,5.5,2024,6/1/2024
KAB ACEH TAMIANG,Juli,0.6,2024,7/1/2024
KAB ACEH TAMIANG,Agustus,-0.28,2024,8/1/2024
KAB ACEH TAMIANG,September,-0.6,2024,9/1/2024
KAB ACEH TAMIANG,Oktober,-0.1,2024,10/1/2024
KAB ACEH TAMIANG,November,-2.72,2024,11/1/2024
KAB ACEH TAMIANG,Desember,1.35,2024,12/1/2024
KAB ACEH TAMIANG,Januari,7.16,2025,1/1/2025
KAB ACEH TAMIANG,Februari,6.01,2025,2/1/2025
KAB ACEH TAMIANG,Maret,4.14,2025,3/1/2025
KAB ACEH TAMIANG,April,3.87,2025,4/1/2025
KAB ACEH TAMIANG,Mei,0.81,2025,5/1/2025
KAB ACEH TAMIANG,Juni,0.69,2025,6/1/2025
KAB ACEH TAMIANG,Juli,6.84,2025,7/1/2025
KAB ACEH TAMIANG,Agustus,9.01,2025,8/1/2025
KAB ACEH TAMIANG,September,11.39,2025,9/1/2025
KAB ACEH TAMIANG,Oktober,10.74,2025,10/1/2025
KAB ACEH TAMIANG,November,6.45,2025,11/1/2025
KAB ACEH TAMIANG,Desember,15.68,2025,12/1/2025
KAB ACEH TAMIANG,Januari,8.59,2026,1/1/2026
KAB ACEH TAMIANG,Februari,4.13,2026,2/1/2026
KAB ACEH TAMIANG,Maret,4.57,2026,3/1/2026
KAB ACEH TAMIANG,April,4.47,2026,4/1/2026
KAB ACEH TAMIANG,Mei,9.19,2026,5/1/2026
KAB ACEH TENGAH,Januari,2.7,2024,1/1/2024
KAB ACEH TENGAH,Februari,6.43,2024,2/1/2024
KAB ACEH TENGAH,Maret,7.29,2024,3/1/2024
KAB ACEH TENGAH,April,8.4,2024,4/1/2024
KAB ACEH TENGAH,Mei,9.47,2024,5/1/2024
KAB ACEH TENGAH,Juni,9.12,2024,6/1/2024
KAB ACEH TENGAH,Juli,4.18,2024,7/1/2024
KAB ACEH TENGAH,Agustus,1.12,2024,8/1/2024
KAB ACEH TENGAH,September,-2.43,2024,9/1/2024
KAB ACEH TENGAH,Oktober,-1.08,2024,10/1/2024
KAB ACEH TENGAH,November,-0.95,2024,11/1/2024
KAB ACEH TENGAH,Desember,1.65,2024,12/1/2024
KAB ACEH TENGAH,Januari,6.52,2025,1/1/2025
KAB ACEH TENGAH,Februari,1.48,2025,2/1/2025
KAB ACEH TENGAH,Maret,0.36,2025,3/1/2025
KAB ACEH TENGAH,April,3.96,2025,4/1/2025
KAB ACEH TENGAH,Mei,2.16,2025,5/1/2025
KAB ACEH TENGAH,Juni,0.68,2025,6/1/2025
KAB ACEH TENGAH,Juli,4.01,2025,7/1/2025
KAB ACEH TENGAH,Agustus,8.92,2025,8/1/2025
KAB ACEH TENGAH,September,10.97,2025,9/1/2025
KAB ACEH TENGAH,Oktober,10.99,2025,10/1/2025
KAB ACEH TENGAH,November,6.83,2025,11/1/2025
KAB ACEH TENGAH,Desember,17.41,2025,12/1/2025
KAB ACEH TENGAH,Januari,6.08,2026,1/1/2026
KAB ACEH TENGAH,Februari,4.73,2026,2/1/2026
KAB ACEH TENGAH,Maret,2.76,2026,3/1/2026
KAB ACEH TENGAH,April,1.21,2026,4/1/2026
KAB ACEH TENGAH,Mei,3.94,2026,5/1/2026
KAB BADUNG,Januari,6.88,2024,1/1/2024
KAB BADUNG,Februari,8.42,2024,2/1/2024
KAB BADUNG,Maret,11.52,2024,3/1/2024
KAB BADUNG,April,12.97,2024,4/1/2024
KAB BADUNG,Mei,11.72,2024,5/1/2024
KAB BADUNG,Juni,6.46,2024,6/1/2024
KAB BADUNG,Juli,4.39,2024,7/1/2024
KAB BADUNG,Agustus,3.19,2024,8/1/2024
KAB BADUNG,September,3.6,2024,9/1/2024
KAB BADUNG,Oktober,3.86,2024,10/1/2024
KAB BADUNG,November,5.9,2024,11/1/2024
KAB BADUNG,Desember,4.33,2024,12/1/2024
KAB BADUNG,Januari,10.59,2025,1/1/2025
KAB BADUNG,Februari,5.91,2025,2/1/2025
KAB BADUNG,Maret,3.96,2025,3/1/2025
KAB BADUNG,April,2.76,2025,4/1/2025
KAB BADUNG,Mei,0.16,2025,5/1/2025
KAB BADUNG,Juni,4.35,2025,6/1/2025
KAB BADUNG,Juli,5.38,2025,7/1/2025
KAB BADUNG,Agustus,4,2025,8/1/2025
KAB BADUNG,September,3.17,2025,9/1/2025
KAB BADUNG,Oktober,4.06,2025,10/1/2025
KAB BADUNG,November,2.52,2025,11/1/2025
KAB BADUNG,Desember,4.84,2025,12/1/2025
KAB BADUNG,Januari,-4.49,2026,1/1/2026
KAB BADUNG,Februari,1.19,2026,2/1/2026
KAB BADUNG,Maret,0.91,2026,3/1/2026
KAB BADUNG,April,0.23,2026,4/1/2026
KAB BADUNG,Mei,3.73,2026,5/1/2026
KAB BANDUNG,Januari,7.04,2024,1/1/2024
KAB BANDUNG,Februari,7.36,2024,2/1/2024
KAB BANDUNG,Maret,8.06,2024,3/1/2024
KAB BANDUNG,April,4.88,2024,4/1/2024
KAB BANDUNG,Mei,3.87,2024,5/1/2024
KAB BANDUNG,Juni,2.68,2024,6/1/2024
KAB BANDUNG,Juli,2.45,2024,7/1/2024
KAB BANDUNG,Agustus,2.05,2024,8/1/2024
KAB BANDUNG,September,1.9,2024,9/1/2024
KAB BANDUNG,Oktober,0.99,2024,10/1/2024
KAB BANDUNG,November,0.52,2024,11/1/2024
KAB BANDUNG,Desember,0.57,2024,12/1/2024
KAB BANDUNG,Januari,1.99,2025,1/1/2025
KAB BANDUNG,Februari,0.64,2025,2/1/2025
KAB BANDUNG,Maret,1,2025,3/1/2025
KAB BANDUNG,April,0.92,2025,4/1/2025
KAB BANDUNG,Mei,-0.08,2025,5/1/2025
KAB BANDUNG,Juni,0.35,2025,6/1/2025
KAB BANDUNG,Juli,1.24,2025,7/1/2025
KAB BANDUNG,Agustus,1.59,2025,8/1/2025
KAB BANDUNG,September,2.96,2025,9/1/2025
KAB BANDUNG,Oktober,3.89,2025,10/1/2025
KAB BANDUNG,November,2.81,2025,11/1/2025
KAB BANDUNG,Desember,3.36,2025,12/1/2025
KAB BANDUNG,Januari,1.2,2026,1/1/2026
KAB BANDUNG,Februari,3.83,2026,2/1/2026
KAB BANDUNG,Maret,3.57,2026,3/1/2026
KAB BANDUNG,April,3.7,2026,4/1/2026
KAB BANDUNG,Mei,5.3,2026,5/1/2026
KAB BANGKA BARAT,Januari,1.45,2024,1/1/2024
KAB BANGKA BARAT,Februari,2.92,2024,2/1/2024
KAB BANGKA BARAT,Maret,4.22,2024,3/1/2024
KAB BANGKA BARAT,April,2.79,2024,4/1/2024
KAB BANGKA BARAT,Mei,-1.4,2024,5/1/2024
KAB BANGKA BARAT,Juni,-1.78,2024,6/1/2024
KAB BANGKA BARAT,Juli,-1.31,2024,7/1/2024
KAB BANGKA BARAT,Agustus,-2.51,2024,8/1/2024
KAB BANGKA BARAT,September,-1.75,2024,9/1/2024
KAB BANGKA BARAT,Oktober,-3.23,2024,10/1/2024
KAB BANGKA BARAT,November,-3.83,2024,11/1/2024
KAB BANGKA BARAT,Desember,-3.86,2024,12/1/2024
KAB BANGKA BARAT,Januari,-0.4,2025,1/1/2025
KAB BANGKA BARAT,Februari,-2.7,2025,2/1/2025
KAB BANGKA BARAT,Maret,-1.03,2025,3/1/2025
KAB BANGKA BARAT,April,0.38,2025,4/1/2025
KAB BANGKA BARAT,Mei,-1.27,2025,5/1/2025
KAB BANGKA BARAT,Juni,-0.48,2025,6/1/2025
KAB BANGKA BARAT,Juli,1.77,2025,7/1/2025
KAB BANGKA BARAT,Agustus,3.61,2025,8/1/2025
KAB BANGKA BARAT,September,4.98,2025,9/1/2025
KAB BANGKA BARAT,Oktober,5.79,2025,10/1/2025
KAB BANGKA BARAT,November,7.62,2025,11/1/2025
KAB BANGKA BARAT,Desember,8.81,2025,12/1/2025
KAB BANGKA BARAT,Januari,5.58,2026,1/1/2026
KAB BANGKA BARAT,Februari,3.62,2026,2/1/2026
KAB BANGKA BARAT,Maret,4.36,2026,3/1/2026
KAB BANGKA BARAT,April,3.75,2026,4/1/2026
KAB BANGKA BARAT,Mei,5.26,2026,5/1/2026
KAB BELITUNG TIMUR,Januari,-5,2024,1/1/2024
KAB BELITUNG TIMUR,Februari,-3.21,2024,2/1/2024
KAB BELITUNG TIMUR,Maret,-0.67,2024,3/1/2024
KAB BELITUNG TIMUR,April,0.34,2024,4/1/2024
KAB BELITUNG TIMUR,Mei,2.37,2024,5/1/2024
KAB BELITUNG TIMUR,Juni,1.89,2024,6/1/2024
KAB BELITUNG TIMUR,Juli,0.2,2024,7/1/2024
KAB BELITUNG TIMUR,Agustus,0.87,2024,8/1/2024
KAB BELITUNG TIMUR,September,-1.78,2024,9/1/2024
KAB BELITUNG TIMUR,Oktober,-3.3,2024,10/1/2024
KAB BELITUNG TIMUR,November,-3.39,2024,11/1/2024
KAB BELITUNG TIMUR,Desember,0.86,2024,12/1/2024
KAB BELITUNG TIMUR,Januari,3.77,2025,1/1/2025
KAB BELITUNG TIMUR,Februari,3,2025,2/1/2025
KAB BELITUNG TIMUR,Maret,-0.1,2025,3/1/2025
KAB BELITUNG TIMUR,April,1,2025,4/1/2025
KAB BELITUNG TIMUR,Mei,-2.6,2025,5/1/2025
KAB BELITUNG TIMUR,Juni,1.92,2025,6/1/2025
KAB BELITUNG TIMUR,Juli,8.05,2025,7/1/2025
KAB BELITUNG TIMUR,Agustus,3.66,2025,8/1/2025
KAB BELITUNG TIMUR,September,4.43,2025,9/1/2025
KAB BELITUNG TIMUR,Oktober,8.26,2025,10/1/2025
KAB BELITUNG TIMUR,November,9.24,2025,11/1/2025
KAB BELITUNG TIMUR,Desember,6.23,2025,12/1/2025
KAB BELITUNG TIMUR,Januari,2.29,2026,1/1/2026
KAB BELITUNG TIMUR,Februari,1.43,2026,2/1/2026
KAB BELITUNG TIMUR,Maret,4.62,2026,3/1/2026
KAB BELITUNG TIMUR,April,4.26,2026,4/1/2026
KAB BELITUNG TIMUR,Mei,7.95,2026,5/1/2026
KAB BERAU,Januari,1.65,2024,1/1/2024
KAB BERAU,Februari,11.14,2024,2/1/2024
KAB BERAU,Maret,11.41,2024,3/1/2024
KAB BERAU,April,9.56,2024,4/1/2024
KAB BERAU,Mei,9.38,2024,5/1/2024
KAB BERAU,Juni,9.18,2024,6/1/2024
KAB BERAU,Juli,4.69,2024,7/1/2024
KAB BERAU,Agustus,4.35,2024,8/1/2024
KAB BERAU,September,6.78,2024,9/1/2024
KAB BERAU,Oktober,7.61,2024,10/1/2024
KAB BERAU,November,5.88,2024,11/1/2024
KAB BERAU,Desember,4.38,2024,12/1/2024
KAB BERAU,Januari,4.22,2025,1/1/2025
KAB BERAU,Februari,1.22,2025,2/1/2025
KAB BERAU,Maret,3.85,2025,3/1/2025
KAB BERAU,April,1.97,2025,4/1/2025
KAB BERAU,Mei,-0.28,2025,5/1/2025
KAB BERAU,Juni,-1.04,2025,6/1/2025
KAB BERAU,Juli,3.79,2025,7/1/2025
KAB BERAU,Agustus,4.42,2025,8/1/2025
KAB BERAU,September,4.38,2025,9/1/2025
KAB BERAU,Oktober,2.89,2025,10/1/2025
KAB BERAU,November,7.61,2025,11/1/2025
KAB BERAU,Desember,7.43,2025,12/1/2025
KAB BERAU,Januari,3.76,2026,1/1/2026
KAB BERAU,Februari,3.95,2026,2/1/2026
KAB BERAU,Maret,2.94,2026,3/1/2026
KAB BERAU,April,3.36,2026,4/1/2026
KAB BERAU,Mei,5.63,2026,5/1/2026
KAB BOJONEGORO,Januari,11.45,2024,1/1/2024
KAB BOJONEGORO,Februari,10.4,2024,2/1/2024
KAB BOJONEGORO,Maret,9.91,2024,3/1/2024
KAB BOJONEGORO,April,10.02,2024,4/1/2024
KAB BOJONEGORO,Mei,5.65,2024,5/1/2024
KAB BOJONEGORO,Juni,0.72,2024,6/1/2024
KAB BOJONEGORO,Juli,0.9,2024,7/1/2024
KAB BOJONEGORO,Agustus,0.38,2024,8/1/2024
KAB BOJONEGORO,September,-0.17,2024,9/1/2024
KAB BOJONEGORO,Oktober,-0.53,2024,10/1/2024
KAB BOJONEGORO,November,-2.9,2024,11/1/2024
KAB BOJONEGORO,Desember,-2.48,2024,12/1/2024
KAB BOJONEGORO,Januari,-0.72,2025,1/1/2025
KAB BOJONEGORO,Februari,-2.13,2025,2/1/2025
KAB BOJONEGORO,Maret,-1.73,2025,3/1/2025
KAB BOJONEGORO,April,-2.86,2025,4/1/2025
KAB BOJONEGORO,Mei,-1.96,2025,5/1/2025
KAB BOJONEGORO,Juni,2.28,2025,6/1/2025
KAB BOJONEGORO,Juli,3.48,2025,7/1/2025
KAB BOJONEGORO,Agustus,3.56,2025,8/1/2025
KAB BOJONEGORO,September,5.18,2025,9/1/2025
KAB BOJONEGORO,Oktober,5.41,2025,10/1/2025
KAB BOJONEGORO,November,4.65,2025,11/1/2025
KAB BOJONEGORO,Desember,4.72,2025,12/1/2025
KAB BOJONEGORO,Januari,1.39,2026,1/1/2026
KAB BOJONEGORO,Februari,4.53,2026,2/1/2026
KAB BOJONEGORO,Maret,5.15,2026,3/1/2026
KAB BOJONEGORO,April,4.22,2026,4/1/2026
KAB BOJONEGORO,Mei,6.68,2026,5/1/2026
KAB DELI SERDANG,Januari,4.73,2024,1/1/2024
KAB DELI SERDANG,Februari,3.51,2024,2/1/2024
KAB DELI SERDANG,Maret,7.07,2024,3/1/2024
KAB DELI SERDANG,April,8.17,2024,4/1/2024
KAB DELI SERDANG,Mei,10.38,2024,5/1/2024
KAB DELI SERDANG,Juni,7.67,2024,6/1/2024
KAB DELI SERDANG,Juli,1.76,2024,7/1/2024
KAB DELI SERDANG,Agustus,0.34,2024,8/1/2024
KAB DELI SERDANG,September,-0.82,2024,9/1/2024
KAB DELI SERDANG,Oktober,-0.78,2024,10/1/2024
KAB DELI SERDANG,November,-2.85,2024,11/1/2024
KAB DELI SERDANG,Desember,0.8,2024,12/1/2024
KAB DELI SERDANG,Januari,5.2,2025,1/1/2025
KAB DELI SERDANG,Februari,5.12,2025,2/1/2025
KAB DELI SERDANG,Maret,2.21,2025,3/1/2025
KAB DELI SERDANG,April,4.55,2025,4/1/2025
KAB DELI SERDANG,Mei,1.27,2025,5/1/2025
KAB DELI SERDANG,Juni,-0.13,2025,6/1/2025
KAB DELI SERDANG,Juli,6.88,2025,7/1/2025
KAB DELI SERDANG,Agustus,12.65,2025,8/1/2025
KAB DELI SERDANG,September,15.84,2025,9/1/2025
KAB DELI SERDANG,Oktober,13.93,2025,10/1/2025
KAB DELI SERDANG,November,9.77,2025,11/1/2025
KAB DELI SERDANG,Desember,11.05,2025,12/1/2025
KAB DELI SERDANG,Januari,2.56,2026,1/1/2026
KAB DELI SERDANG,Februari,2.07,2026,2/1/2026
KAB DELI SERDANG,Maret,2.31,2026,3/1/2026
KAB DELI SERDANG,April,1.82,2026,4/1/2026
KAB DELI SERDANG,Mei,7.03,2026,5/1/2026
KAB DHARMASRAYA,Januari,3.97,2024,1/1/2024
KAB DHARMASRAYA,Februari,6.69,2024,2/1/2024
KAB DHARMASRAYA,Maret,9.63,2024,3/1/2024
KAB DHARMASRAYA,April,10.87,2024,4/1/2024
KAB DHARMASRAYA,Mei,10.1,2024,5/1/2024
KAB DHARMASRAYA,Juni,10.29,2024,6/1/2024
KAB DHARMASRAYA,Juli,3.31,2024,7/1/2024
KAB DHARMASRAYA,Agustus,6.11,2024,8/1/2024
KAB DHARMASRAYA,September,4.61,2024,9/1/2024
KAB DHARMASRAYA,Oktober,3.79,2024,10/1/2024
KAB DHARMASRAYA,November,-0.17,2024,11/1/2024
KAB DHARMASRAYA,Desember,-2.1,2024,12/1/2024
KAB DHARMASRAYA,Januari,3.31,2025,1/1/2025
KAB DHARMASRAYA,Februari,-0.63,2025,2/1/2025
KAB DHARMASRAYA,Maret,-3.29,2025,3/1/2025
KAB DHARMASRAYA,April,-0.84,2025,4/1/2025
KAB DHARMASRAYA,Mei,-3.17,2025,5/1/2025
KAB DHARMASRAYA,Juni,-3.85,2025,6/1/2025
KAB DHARMASRAYA,Juli,2.87,2025,7/1/2025
KAB DHARMASRAYA,Agustus,6.92,2025,8/1/2025
KAB DHARMASRAYA,September,10.02,2025,9/1/2025
KAB DHARMASRAYA,Oktober,9.39,2025,10/1/2025
KAB DHARMASRAYA,November,7.34,2025,11/1/2025
KAB DHARMASRAYA,Desember,10.34,2025,12/1/2025
KAB DHARMASRAYA,Januari,1.97,2026,1/1/2026
KAB DHARMASRAYA,Februari,4.76,2026,2/1/2026
KAB DHARMASRAYA,Maret,5.83,2026,3/1/2026
KAB DHARMASRAYA,April,4.43,2026,4/1/2026
KAB DHARMASRAYA,Mei,9.12,2026,5/1/2026
KAB GORONTALO,Januari,15.09,2024,1/1/2024
KAB GORONTALO,Februari,12.93,2024,2/1/2024
KAB GORONTALO,Maret,13.64,2024,3/1/2024
KAB GORONTALO,April,12.53,2024,4/1/2024
KAB GORONTALO,Mei,15.47,2024,5/1/2024
KAB GORONTALO,Juni,11.87,2024,6/1/2024
KAB GORONTALO,Juli,10.4,2024,7/1/2024
KAB GORONTALO,Agustus,7.67,2024,8/1/2024
KAB GORONTALO,September,7,2024,9/1/2024
KAB GORONTALO,Oktober,0.06,2024,10/1/2024
KAB GORONTALO,November,-0.84,2024,11/1/2024
KAB GORONTALO,Desember,-3.37,2024,12/1/2024
KAB GORONTALO,Januari,-3.13,2025,1/1/2025
KAB GORONTALO,Februari,2.47,2025,2/1/2025
KAB GORONTALO,Maret,5.73,2025,3/1/2025
KAB GORONTALO,April,5.84,2025,4/1/2025
KAB GORONTALO,Mei,-2.04,2025,5/1/2025
KAB GORONTALO,Juni,-0.62,2025,6/1/2025
KAB GORONTALO,Juli,7.29,2025,7/1/2025
KAB GORONTALO,Agustus,5.46,2025,8/1/2025
KAB GORONTALO,September,3.4,2025,9/1/2025
KAB GORONTALO,Oktober,4.39,2025,10/1/2025
KAB GORONTALO,November,3.75,2025,11/1/2025
KAB GORONTALO,Desember,4.11,2025,12/1/2025
KAB GORONTALO,Januari,7.88,2026,1/1/2026
KAB GORONTALO,Februari,8.38,2026,2/1/2026
KAB GORONTALO,Maret,2.69,2026,3/1/2026
KAB GORONTALO,April,3.82,2026,4/1/2026
KAB GORONTALO,Mei,7.04,2026,5/1/2026
KAB GRESIK,Januari,4.15,2024,1/1/2024
KAB GRESIK,Februari,6.26,2024,2/1/2024
KAB GRESIK,Maret,7.2,2024,3/1/2024
KAB GRESIK,April,8.04,2024,4/1/2024
KAB GRESIK,Mei,7.1,2024,5/1/2024
KAB GRESIK,Juni,4.88,2024,6/1/2024
KAB GRESIK,Juli,3.66,2024,7/1/2024
KAB GRESIK,Agustus,4.02,2024,8/1/2024
KAB GRESIK,September,2.89,2024,9/1/2024
KAB GRESIK,Oktober,3.72,2024,10/1/2024
KAB GRESIK,November,3.12,2024,11/1/2024
KAB GRESIK,Desember,2.71,2024,12/1/2024
KAB GRESIK,Januari,4.4,2025,1/1/2025
KAB GRESIK,Februari,0.9,2025,2/1/2025
KAB GRESIK,Maret,1.08,2025,3/1/2025
KAB GRESIK,April,-0.53,2025,4/1/2025
KAB GRESIK,Mei,-2.27,2025,5/1/2025
KAB GRESIK,Juni,0.89,2025,6/1/2025
KAB GRESIK,Juli,2.75,2025,7/1/2025
KAB GRESIK,Agustus,2.31,2025,8/1/2025
KAB GRESIK,September,3.02,2025,9/1/2025
KAB GRESIK,Oktober,3.17,2025,10/1/2025
KAB GRESIK,November,2.77,2025,11/1/2025
KAB GRESIK,Desember,3.49,2025,12/1/2025
KAB GRESIK,Januari,-0.85,2026,1/1/2026
KAB GRESIK,Februari,3.08,2026,2/1/2026
KAB GRESIK,Maret,3.79,2026,3/1/2026
KAB GRESIK,April,3.25,2026,4/1/2026
KAB GRESIK,Mei,5.16,2026,5/1/2026
KAB GUNUNGKIDUL,Januari,8.88,2024,1/1/2024
KAB GUNUNGKIDUL,Februari,9.83,2024,2/1/2024
KAB GUNUNGKIDUL,Maret,11.04,2024,3/1/2024
KAB GUNUNGKIDUL,April,8.75,2024,4/1/2024
KAB GUNUNGKIDUL,Mei,5.75,2024,5/1/2024
KAB GUNUNGKIDUL,Juni,6.54,2024,6/1/2024
KAB GUNUNGKIDUL,Juli,5.68,2024,7/1/2024
KAB GUNUNGKIDUL,Agustus,5.34,2024,8/1/2024
KAB GUNUNGKIDUL,September,2.57,2024,9/1/2024
KAB GUNUNGKIDUL,Oktober,1.27,2024,10/1/2024
KAB GUNUNGKIDUL,November,-1.35,2024,11/1/2024
KAB GUNUNGKIDUL,Desember,-1.12,2024,12/1/2024
KAB GUNUNGKIDUL,Januari,1.76,2025,1/1/2025
KAB GUNUNGKIDUL,Februari,0.01,2025,2/1/2025
KAB GUNUNGKIDUL,Maret,-0.57,2025,3/1/2025
KAB GUNUNGKIDUL,April,0.82,2025,4/1/2025
KAB GUNUNGKIDUL,Mei,0.73,2025,5/1/2025
KAB GUNUNGKIDUL,Juni,2.85,2025,6/1/2025
KAB GUNUNGKIDUL,Juli,3.02,2025,7/1/2025
KAB GUNUNGKIDUL,Agustus,2.56,2025,8/1/2025
KAB GUNUNGKIDUL,September,3.91,2025,9/1/2025
KAB GUNUNGKIDUL,Oktober,4.38,2025,10/1/2025
KAB GUNUNGKIDUL,November,4.56,2025,11/1/2025
KAB GUNUNGKIDUL,Desember,5.35,2025,12/1/2025
KAB GUNUNGKIDUL,Januari,0.81,2026,1/1/2026
KAB GUNUNGKIDUL,Februari,2.48,2026,2/1/2026
KAB GUNUNGKIDUL,Maret,3.2,2026,3/1/2026
KAB GUNUNGKIDUL,April,3.11,2026,4/1/2026
KAB GUNUNGKIDUL,Mei,3.75,2026,5/1/2026
KAB HALMAHERA TENGAH,Januari,11.06,2024,1/1/2024
KAB HALMAHERA TENGAH,Februari,10.1,2024,2/1/2024
KAB HALMAHERA TENGAH,Maret,5.17,2024,3/1/2024
KAB HALMAHERA TENGAH,April,1.7,2024,4/1/2024
KAB HALMAHERA TENGAH,Mei,1.24,2024,5/1/2024
KAB HALMAHERA TENGAH,Juni,1.55,2024,6/1/2024
KAB HALMAHERA TENGAH,Juli,2.09,2024,7/1/2024
KAB HALMAHERA TENGAH,Agustus,2.43,2024,8/1/2024
KAB HALMAHERA TENGAH,September,2.11,2024,9/1/2024
KAB HALMAHERA TENGAH,Oktober,3.09,2024,10/1/2024
KAB HALMAHERA TENGAH,November,4.94,2024,11/1/2024
KAB HALMAHERA TENGAH,Desember,-0.55,2024,12/1/2024
KAB HALMAHERA TENGAH,Januari,1.01,2025,1/1/2025
KAB HALMAHERA TENGAH,Februari,2.82,2025,2/1/2025
KAB HALMAHERA TENGAH,Maret,5.46,2025,3/1/2025
KAB HALMAHERA TENGAH,April,5.02,2025,4/1/2025
KAB HALMAHERA TENGAH,Mei,3.55,2025,5/1/2025
KAB HALMAHERA TENGAH,Juni,3.85,2025,6/1/2025
KAB HALMAHERA TENGAH,Juli,4.21,2025,7/1/2025
KAB HALMAHERA TENGAH,Agustus,-1.63,2025,8/1/2025
KAB HALMAHERA TENGAH,September,-3.2,2025,9/1/2025
KAB HALMAHERA TENGAH,Oktober,-0.98,2025,10/1/2025
KAB HALMAHERA TENGAH,November,-0.17,2025,11/1/2025
KAB HALMAHERA TENGAH,Desember,0.39,2025,12/1/2025
KAB HALMAHERA TENGAH,Januari,0.84,2026,1/1/2026
KAB HALMAHERA TENGAH,Februari,2.6,2026,2/1/2026
KAB HALMAHERA TENGAH,Maret,4.27,2026,3/1/2026
KAB HALMAHERA TENGAH,April,3.66,2026,4/1/2026
KAB HALMAHERA TENGAH,Mei,4.73,2026,5/1/2026
KAB HULU SUNGAI TENGAH,Januari,10.96,2024,1/1/2024
KAB HULU SUNGAI TENGAH,Februari,5.59,2024,2/1/2024
KAB HULU SUNGAI TENGAH,Maret,6.21,2024,3/1/2024
KAB HULU SUNGAI TENGAH,April,8.13,2024,4/1/2024
KAB HULU SUNGAI TENGAH,Mei,4.3,2024,5/1/2024
KAB HULU SUNGAI TENGAH,Juni,4.67,2024,6/1/2024
KAB HULU SUNGAI TENGAH,Juli,-2,2024,7/1/2024
KAB HULU SUNGAI TENGAH,Agustus,-3.34,2024,8/1/2024
KAB HULU SUNGAI TENGAH,September,0.33,2024,9/1/2024
KAB HULU SUNGAI TENGAH,Oktober,1.63,2024,10/1/2024
KAB HULU SUNGAI TENGAH,November,1.57,2024,11/1/2024
KAB HULU SUNGAI TENGAH,Desember,-1.6,2024,12/1/2024
KAB HULU SUNGAI TENGAH,Januari,-2.86,2025,1/1/2025
KAB HULU SUNGAI TENGAH,Februari,-2.6,2025,2/1/2025
KAB HULU SUNGAI TENGAH,Maret,0.44,2025,3/1/2025
KAB HULU SUNGAI TENGAH,April,-2.78,2025,4/1/2025
KAB HULU SUNGAI TENGAH,Mei,-4.18,2025,5/1/2025
KAB HULU SUNGAI TENGAH,Juni,-2.29,2025,6/1/2025
KAB HULU SUNGAI TENGAH,Juli,1.56,2025,7/1/2025
KAB HULU SUNGAI TENGAH,Agustus,6.06,2025,8/1/2025
KAB HULU SUNGAI TENGAH,September,5.62,2025,9/1/2025
KAB HULU SUNGAI TENGAH,Oktober,3.77,2025,10/1/2025
KAB HULU SUNGAI TENGAH,November,3.99,2025,11/1/2025
KAB HULU SUNGAI TENGAH,Desember,6.13,2025,12/1/2025
KAB HULU SUNGAI TENGAH,Januari,6.44,2026,1/1/2026
KAB HULU SUNGAI TENGAH,Februari,9.22,2026,2/1/2026
KAB HULU SUNGAI TENGAH,Maret,5.83,2026,3/1/2026
KAB HULU SUNGAI TENGAH,April,6.45,2026,4/1/2026
KAB HULU SUNGAI TENGAH,Mei,9.46,2026,5/1/2026
KAB JAYAWIJAYA,Januari,7.2,2024,1/1/2024
KAB JAYAWIJAYA,Februari,6.17,2024,2/1/2024
KAB JAYAWIJAYA,Maret,5.73,2024,3/1/2024
KAB JAYAWIJAYA,April,6.19,2024,4/1/2024
KAB JAYAWIJAYA,Mei,8.78,2024,5/1/2024
KAB JAYAWIJAYA,Juni,10.9,2024,6/1/2024
KAB JAYAWIJAYA,Juli,9.27,2024,7/1/2024
KAB JAYAWIJAYA,Agustus,8.46,2024,8/1/2024
KAB JAYAWIJAYA,September,6.17,2024,9/1/2024
KAB JAYAWIJAYA,Oktober,3.31,2024,10/1/2024
KAB JAYAWIJAYA,November,4.18,2024,11/1/2024
KAB JAYAWIJAYA,Desember,7.89,2024,12/1/2024
KAB JAYAWIJAYA,Januari,8.44,2025,1/1/2025
KAB JAYAWIJAYA,Februari,15.3,2025,2/1/2025
KAB JAYAWIJAYA,Maret,12.84,2025,3/1/2025
KAB JAYAWIJAYA,April,9.59,2025,4/1/2025
KAB JAYAWIJAYA,Mei,9.85,2025,5/1/2025
KAB JAYAWIJAYA,Juni,3.64,2025,6/1/2025
KAB JAYAWIJAYA,Juli,6.49,2025,7/1/2025
KAB JAYAWIJAYA,Agustus,6.79,2025,8/1/2025
KAB JAYAWIJAYA,September,7.44,2025,9/1/2025
KAB JAYAWIJAYA,Oktober,6.41,2025,10/1/2025
KAB JAYAWIJAYA,November,8.06,2025,11/1/2025
KAB JAYAWIJAYA,Desember,6.98,2025,12/1/2025
KAB JAYAWIJAYA,Januari,4.12,2026,1/1/2026
KAB JAYAWIJAYA,Februari,-0.95,2026,2/1/2026
KAB JAYAWIJAYA,Maret,5.92,2026,3/1/2026
KAB JAYAWIJAYA,April,7.76,2026,4/1/2026
KAB JAYAWIJAYA,Mei,4.74,2026,5/1/2026
KAB KAMPAR,Januari,5.75,2024,1/1/2024
KAB KAMPAR,Februari,8.17,2024,2/1/2024
KAB KAMPAR,Maret,9.81,2024,3/1/2024
KAB KAMPAR,April,12.23,2024,4/1/2024
KAB KAMPAR,Mei,14.92,2024,5/1/2024
KAB KAMPAR,Juni,8.71,2024,6/1/2024
KAB KAMPAR,Juli,1.52,2024,7/1/2024
KAB KAMPAR,Agustus,0.42,2024,8/1/2024
KAB KAMPAR,September,0.69,2024,9/1/2024
KAB KAMPAR,Oktober,2.42,2024,10/1/2024
KAB KAMPAR,November,-2.74,2024,11/1/2024
KAB KAMPAR,Desember,-1.16,2024,12/1/2024
KAB KAMPAR,Januari,3.68,2025,1/1/2025
KAB KAMPAR,Februari,-1.03,2025,2/1/2025
KAB KAMPAR,Maret,-2.72,2025,3/1/2025
KAB KAMPAR,April,1.03,2025,4/1/2025
KAB KAMPAR,Mei,-3.91,2025,5/1/2025
KAB KAMPAR,Juni,-3.3,2025,6/1/2025
KAB KAMPAR,Juli,4.51,2025,7/1/2025
KAB KAMPAR,Agustus,8.22,2025,8/1/2025
KAB KAMPAR,September,14.21,2025,9/1/2025
KAB KAMPAR,Oktober,10.77,2025,10/1/2025
KAB KAMPAR,November,8.37,2025,11/1/2025
KAB KAMPAR,Desember,11.19,2025,12/1/2025
KAB KAMPAR,Januari,1.85,2026,1/1/2026
KAB KAMPAR,Februari,4.06,2026,2/1/2026
KAB KAMPAR,Maret,3.31,2026,3/1/2026
KAB KAMPAR,April,0.51,2026,4/1/2026
KAB KAMPAR,Mei,7.84,2026,5/1/2026
KAB KAPUAS,Januari,8.15,2024,1/1/2024
KAB KAPUAS,Februari,4.63,2024,2/1/2024
KAB KAPUAS,Maret,6.25,2024,3/1/2024
KAB KAPUAS,April,5.2,2024,4/1/2024
KAB KAPUAS,Mei,2.7,2024,5/1/2024
KAB KAPUAS,Juni,2.78,2024,6/1/2024
KAB KAPUAS,Juli,-0.45,2024,7/1/2024
KAB KAPUAS,Agustus,-0.26,2024,8/1/2024
KAB KAPUAS,September,1.8,2024,9/1/2024
KAB KAPUAS,Oktober,1.23,2024,10/1/2024
KAB KAPUAS,November,0.88,2024,11/1/2024
KAB KAPUAS,Desember,1.52,2024,12/1/2024
KAB KAPUAS,Januari,3.93,2025,1/1/2025
KAB KAPUAS,Februari,5.07,2025,2/1/2025
KAB KAPUAS,Maret,4.47,2025,3/1/2025
KAB KAPUAS,April,2.61,2025,4/1/2025
KAB KAPUAS,Mei,-1.16,2025,5/1/2025
KAB KAPUAS,Juni,0.29,2025,6/1/2025
KAB KAPUAS,Juli,3.34,2025,7/1/2025
KAB KAPUAS,Agustus,2.35,2025,8/1/2025
KAB KAPUAS,September,2.41,2025,9/1/2025
KAB KAPUAS,Oktober,3.11,2025,10/1/2025
KAB KAPUAS,November,2.85,2025,11/1/2025
KAB KAPUAS,Desember,4.54,2025,12/1/2025
KAB KAPUAS,Januari,2.32,2026,1/1/2026
KAB KAPUAS,Februari,4.42,2026,2/1/2026
KAB KAPUAS,Maret,5.32,2026,3/1/2026
KAB KAPUAS,April,5.81,2026,4/1/2026
KAB KAPUAS,Mei,8.62,2026,5/1/2026
KAB KARIMUN,Januari,6.24,2024,1/1/2024
KAB KARIMUN,Februari,1.71,2024,2/1/2024
KAB KARIMUN,Maret,4.03,2024,3/1/2024
KAB KARIMUN,April,2.9,2024,4/1/2024
KAB KARIMUN,Mei,4.37,2024,5/1/2024
KAB KARIMUN,Juni,4.98,2024,6/1/2024
KAB KARIMUN,Juli,7.02,2024,7/1/2024
KAB KARIMUN,Agustus,4.77,2024,8/1/2024
KAB KARIMUN,September,3.52,2024,9/1/2024
KAB KARIMUN,Oktober,3.72,2024,10/1/2024
KAB KARIMUN,November,2.22,2024,11/1/2024
KAB KARIMUN,Desember,1.79,2024,12/1/2024
KAB KARIMUN,Januari,5.82,2025,1/1/2025
KAB KARIMUN,Februari,2.42,2025,2/1/2025
KAB KARIMUN,Maret,-0.4,2025,3/1/2025
KAB KARIMUN,April,4.57,2025,4/1/2025
KAB KARIMUN,Mei,-0.08,2025,5/1/2025
KAB KARIMUN,Juni,-2.52,2025,6/1/2025
KAB KARIMUN,Juli,-1.6,2025,7/1/2025
KAB KARIMUN,Agustus,2.92,2025,8/1/2025
KAB KARIMUN,September,5.53,2025,9/1/2025
KAB KARIMUN,Oktober,4.52,2025,10/1/2025
KAB KARIMUN,November,4.23,2025,11/1/2025
KAB KARIMUN,Desember,4.8,2025,12/1/2025
KAB KARIMUN,Januari,-1.77,2026,1/1/2026
KAB KARIMUN,Februari,0.88,2026,2/1/2026
KAB KARIMUN,Maret,3.9,2026,3/1/2026
KAB KARIMUN,April,-1.4,2026,4/1/2026
KAB KARIMUN,Mei,3.9,2026,5/1/2026
KAB KARO,Januari,2.32,2024,1/1/2024
KAB KARO,Februari,3.46,2024,2/1/2024
KAB KARO,Maret,6.68,2024,3/1/2024
KAB KARO,April,8.52,2024,4/1/2024
KAB KARO,Mei,10.86,2024,5/1/2024
KAB KARO,Juni,6.35,2024,6/1/2024
KAB KARO,Juli,2.22,2024,7/1/2024
KAB KARO,Agustus,-2.43,2024,8/1/2024
KAB KARO,September,-3.1,2024,9/1/2024
KAB KARO,Oktober,-2.76,2024,10/1/2024
KAB KARO,November,-0.69,2024,11/1/2024
KAB KARO,Desember,0.1,2024,12/1/2024
KAB KARO,Januari,5.46,2025,1/1/2025
KAB KARO,Februari,1.99,2025,2/1/2025
KAB KARO,Maret,0.82,2025,3/1/2025
KAB KARO,April,0.15,2025,4/1/2025
KAB KARO,Mei,-1.7,2025,5/1/2025
KAB KARO,Juni,-1.47,2025,6/1/2025
KAB KARO,Juli,2.23,2025,7/1/2025
KAB KARO,Agustus,9.39,2025,8/1/2025
KAB KARO,September,10.49,2025,9/1/2025
KAB KARO,Oktober,8.23,2025,10/1/2025
KAB KARO,November,3.3,2025,11/1/2025
KAB KARO,Desember,5.44,2025,12/1/2025
KAB KARO,Januari,1.98,2026,1/1/2026
KAB KARO,Februari,2.98,2026,2/1/2026
KAB KARO,Maret,3.11,2026,3/1/2026
KAB KARO,April,3.64,2026,4/1/2026
KAB KARO,Mei,6.93,2026,5/1/2026
KAB KAYONG UTARA,Januari,3.2,2024,1/1/2024
KAB KAYONG UTARA,Februari,4.61,2024,2/1/2024
KAB KAYONG UTARA,Maret,4.19,2024,3/1/2024
KAB KAYONG UTARA,April,5.44,2024,4/1/2024
KAB KAYONG UTARA,Mei,5.65,2024,5/1/2024
KAB KAYONG UTARA,Juni,5,2024,6/1/2024
KAB KAYONG UTARA,Juli,2.75,2024,7/1/2024
KAB KAYONG UTARA,Agustus,1.81,2024,8/1/2024
KAB KAYONG UTARA,September,2.17,2024,9/1/2024
KAB KAYONG UTARA,Oktober,2.47,2024,10/1/2024
KAB KAYONG UTARA,November,2.8,2024,11/1/2024
KAB KAYONG UTARA,Desember,3.45,2024,12/1/2024
KAB KAYONG UTARA,Januari,4.03,2025,1/1/2025
KAB KAYONG UTARA,Februari,3.86,2025,2/1/2025
KAB KAYONG UTARA,Maret,2.53,2025,3/1/2025
KAB KAYONG UTARA,April,1.96,2025,4/1/2025
KAB KAYONG UTARA,Mei,0.48,2025,5/1/2025
KAB KAYONG UTARA,Juni,0.61,2025,6/1/2025
KAB KAYONG UTARA,Juli,2.57,2025,7/1/2025
KAB KAYONG UTARA,Agustus,3.64,2025,8/1/2025
KAB KAYONG UTARA,September,3.11,2025,9/1/2025
KAB KAYONG UTARA,Oktober,3.07,2025,10/1/2025
KAB KAYONG UTARA,November,3.53,2025,11/1/2025
KAB KAYONG UTARA,Desember,3.38,2025,12/1/2025
KAB KAYONG UTARA,Januari,1.56,2026,1/1/2026
KAB KAYONG UTARA,Februari,1,2026,2/1/2026
KAB KAYONG UTARA,Maret,2.12,2026,3/1/2026
KAB KAYONG UTARA,April,2.87,2026,4/1/2026
KAB KAYONG UTARA,Mei,4.46,2026,5/1/2026
KAB KERINCI,Januari,8.68,2024,1/1/2024
KAB KERINCI,Februari,6.17,2024,2/1/2024
KAB KERINCI,Maret,11.18,2024,3/1/2024
KAB KERINCI,April,10.4,2024,4/1/2024
KAB KERINCI,Mei,7.85,2024,5/1/2024
KAB KERINCI,Juni,8.83,2024,6/1/2024
KAB KERINCI,Juli,3.64,2024,7/1/2024
KAB KERINCI,Agustus,4.95,2024,8/1/2024
KAB KERINCI,September,2.31,2024,9/1/2024
KAB KERINCI,Oktober,3.1,2024,10/1/2024
KAB KERINCI,November,0.96,2024,11/1/2024
KAB KERINCI,Desember,0.49,2024,12/1/2024
KAB KERINCI,Januari,-0.02,2025,1/1/2025
KAB KERINCI,Februari,1.95,2025,2/1/2025
KAB KERINCI,Maret,-2.32,2025,3/1/2025
KAB KERINCI,April,1,2025,4/1/2025
KAB KERINCI,Mei,-1.64,2025,5/1/2025
KAB KERINCI,Juni,1.29,2025,6/1/2025
KAB KERINCI,Juli,9.34,2025,7/1/2025
KAB KERINCI,Agustus,8.7,2025,8/1/2025
KAB KERINCI,September,12.15,2025,9/1/2025
KAB KERINCI,Oktober,13.9,2025,10/1/2025
KAB KERINCI,November,10.48,2025,11/1/2025
KAB KERINCI,Desember,9.23,2025,12/1/2025
KAB KERINCI,Januari,0.69,2026,1/1/2026
KAB KERINCI,Februari,2.93,2026,2/1/2026
KAB KERINCI,Maret,7.34,2026,3/1/2026
KAB KERINCI,April,2.82,2026,4/1/2026
KAB KERINCI,Mei,6.88,2026,5/1/2026
KAB KETAPANG,Januari,8.54,2024,1/1/2024
KAB KETAPANG,Februari,6.35,2024,2/1/2024
KAB KETAPANG,Maret,4.51,2024,3/1/2024
KAB KETAPANG,April,4.23,2024,4/1/2024
KAB KETAPANG,Mei,6,2024,5/1/2024
KAB KETAPANG,Juni,4.91,2024,6/1/2024
KAB KETAPANG,Juli,2.5,2024,7/1/2024
KAB KETAPANG,Agustus,1.61,2024,8/1/2024
KAB KETAPANG,September,2.01,2024,9/1/2024
KAB KETAPANG,Oktober,1.26,2024,10/1/2024
KAB KETAPANG,November,0.96,2024,11/1/2024
KAB KETAPANG,Desember,2.89,2024,12/1/2024
KAB KETAPANG,Januari,3.63,2025,1/1/2025
KAB KETAPANG,Februari,4.4,2025,2/1/2025
KAB KETAPANG,Maret,3.67,2025,3/1/2025
KAB KETAPANG,April,2.67,2025,4/1/2025
KAB KETAPANG,Mei,1.42,2025,5/1/2025
KAB KETAPANG,Juni,2.06,2025,6/1/2025
KAB KETAPANG,Juli,4.7,2025,7/1/2025
KAB KETAPANG,Agustus,4.98,2025,8/1/2025
KAB KETAPANG,September,5.21,2025,9/1/2025
KAB KETAPANG,Oktober,5.54,2025,10/1/2025
KAB KETAPANG,November,4.66,2025,11/1/2025
KAB KETAPANG,Desember,3.42,2025,12/1/2025
KAB KETAPANG,Januari,3.01,2026,1/1/2026
KAB KETAPANG,Februari,3.17,2026,2/1/2026
KAB KETAPANG,Maret,3.43,2026,3/1/2026
KAB KETAPANG,April,4.83,2026,4/1/2026
KAB KETAPANG,Mei,5.16,2026,5/1/2026
KAB KOLAKA,Januari,5.39,2024,1/1/2024
KAB KOLAKA,Februari,4.41,2024,2/1/2024
KAB KOLAKA,Maret,2.7,2024,3/1/2024
KAB KOLAKA,April,2.59,2024,4/1/2024
KAB KOLAKA,Mei,1.76,2024,5/1/2024
KAB KOLAKA,Juni,1.84,2024,6/1/2024
KAB KOLAKA,Juli,2.74,2024,7/1/2024
KAB KOLAKA,Agustus,2.95,2024,8/1/2024
KAB KOLAKA,September,1.62,2024,9/1/2024
KAB KOLAKA,Oktober,1.5,2024,10/1/2024
KAB KOLAKA,November,2.6,2024,11/1/2024
KAB KOLAKA,Desember,2.56,2024,12/1/2024
KAB KOLAKA,Januari,4.19,2025,1/1/2025
KAB KOLAKA,Februari,5.3,2025,2/1/2025
KAB KOLAKA,Maret,5.65,2025,3/1/2025
KAB KOLAKA,April,5.13,2025,4/1/2025
KAB KOLAKA,Mei,5.25,2025,5/1/2025
KAB KOLAKA,Juni,5.63,2025,6/1/2025
KAB KOLAKA,Juli,5.69,2025,7/1/2025
KAB KOLAKA,Agustus,7.75,2025,8/1/2025
KAB KOLAKA,September,7.49,2025,9/1/2025
KAB KOLAKA,Oktober,5.87,2025,10/1/2025
KAB KOLAKA,November,3.8,2025,11/1/2025
KAB KOLAKA,Desember,3.86,2025,12/1/2025
KAB KOLAKA,Januari,5.18,2026,1/1/2026
KAB KOLAKA,Februari,5.76,2026,2/1/2026
KAB KOLAKA,Maret,5.65,2026,3/1/2026
KAB KOLAKA,April,4.22,2026,4/1/2026
KAB KOLAKA,Mei,8.26,2026,5/1/2026
KAB KONAWE,Januari,3.89,2024,1/1/2024
KAB KONAWE,Februari,8.39,2024,2/1/2024
KAB KONAWE,Maret,10.35,2024,3/1/2024
KAB KONAWE,April,6.49,2024,4/1/2024
KAB KONAWE,Mei,4.9,2024,5/1/2024
KAB KONAWE,Juni,2.13,2024,6/1/2024
KAB KONAWE,Juli,0.16,2024,7/1/2024
KAB KONAWE,Agustus,0.23,2024,8/1/2024
KAB KONAWE,September,-0.96,2024,9/1/2024
KAB KONAWE,Oktober,-3.8,2024,10/1/2024
KAB KONAWE,November,-1.45,2024,11/1/2024
KAB KONAWE,Desember,-1.05,2024,12/1/2024
KAB KONAWE,Januari,-0.88,2025,1/1/2025
KAB KONAWE,Februari,-0.25,2025,2/1/2025
KAB KONAWE,Maret,0.87,2025,3/1/2025
KAB KONAWE,April,2.32,2025,4/1/2025
KAB KONAWE,Mei,2.63,2025,5/1/2025
KAB KONAWE,Juni,8.51,2025,6/1/2025
KAB KONAWE,Juli,13.16,2025,7/1/2025
KAB KONAWE,Agustus,11.86,2025,8/1/2025
KAB KONAWE,September,8.56,2025,9/1/2025
KAB KONAWE,Oktober,5.44,2025,10/1/2025
KAB KONAWE,November,2.51,2025,11/1/2025
KAB KONAWE,Desember,4.56,2025,12/1/2025
KAB KONAWE,Januari,3.16,2026,1/1/2026
KAB KONAWE,Februari,1.71,2026,2/1/2026
KAB KONAWE,Maret,0.33,2026,3/1/2026
KAB KONAWE,April,1.91,2026,4/1/2026
KAB KONAWE,Mei,3.86,2026,5/1/2026
KAB LABUHANBATU,Januari,-0.22,2024,1/1/2024
KAB LABUHANBATU,Februari,4.46,2024,2/1/2024
KAB LABUHANBATU,Maret,11.64,2024,3/1/2024
KAB LABUHANBATU,April,12.62,2024,4/1/2024
KAB LABUHANBATU,Mei,11.15,2024,5/1/2024
KAB LABUHANBATU,Juni,6.07,2024,6/1/2024
KAB LABUHANBATU,Juli,0.18,2024,7/1/2024
KAB LABUHANBATU,Agustus,2.82,2024,8/1/2024
KAB LABUHANBATU,September,0.29,2024,9/1/2024
KAB LABUHANBATU,Oktober,1.1,2024,10/1/2024
KAB LABUHANBATU,November,3.42,2024,11/1/2024
KAB LABUHANBATU,Desember,5.5,2024,12/1/2024
KAB LABUHANBATU,Januari,7.85,2025,1/1/2025
KAB LABUHANBATU,Februari,3.35,2025,2/1/2025
KAB LABUHANBATU,Maret,-1.75,2025,3/1/2025
KAB LABUHANBATU,April,-0.49,2025,4/1/2025
KAB LABUHANBATU,Mei,-2.92,2025,5/1/2025
KAB LABUHANBATU,Juni,-2,2025,6/1/2025
KAB LABUHANBATU,Juli,2.1,2025,7/1/2025
KAB LABUHANBATU,Agustus,7.38,2025,8/1/2025
KAB LABUHANBATU,September,12.32,2025,9/1/2025
KAB LABUHANBATU,Oktober,10.75,2025,10/1/2025
KAB LABUHANBATU,November,4.67,2025,11/1/2025
KAB LABUHANBATU,Desember,6.89,2025,12/1/2025
KAB LABUHANBATU,Januari,0.43,2026,1/1/2026
KAB LABUHANBATU,Februari,2.83,2026,2/1/2026
KAB LABUHANBATU,Maret,1.79,2026,3/1/2026
KAB LABUHANBATU,April,3.55,2026,4/1/2026
KAB LABUHANBATU,Mei,8.14,2026,5/1/2026
KAB LAMPUNG TIMUR,Januari,13.83,2024,1/1/2024
KAB LAMPUNG TIMUR,Februari,10.88,2024,2/1/2024
KAB LAMPUNG TIMUR,Maret,11.56,2024,3/1/2024
KAB LAMPUNG TIMUR,April,12.82,2024,4/1/2024
KAB LAMPUNG TIMUR,Mei,9.98,2024,5/1/2024
KAB LAMPUNG TIMUR,Juni,8.2,2024,6/1/2024
KAB LAMPUNG TIMUR,Juli,6.35,2024,7/1/2024
KAB LAMPUNG TIMUR,Agustus,4.55,2024,8/1/2024
KAB LAMPUNG TIMUR,September,2.95,2024,9/1/2024
KAB LAMPUNG TIMUR,Oktober,1.52,2024,10/1/2024
KAB LAMPUNG TIMUR,November,0.96,2024,11/1/2024
KAB LAMPUNG TIMUR,Desember,-0.33,2024,12/1/2024
KAB LAMPUNG TIMUR,Januari,1.39,2025,1/1/2025
KAB LAMPUNG TIMUR,Februari,-0.1,2025,2/1/2025
KAB LAMPUNG TIMUR,Maret,3.42,2025,3/1/2025
KAB LAMPUNG TIMUR,April,5.75,2025,4/1/2025
KAB LAMPUNG TIMUR,Mei,3.11,2025,5/1/2025
KAB LAMPUNG TIMUR,Juni,4.55,2025,6/1/2025
KAB LAMPUNG TIMUR,Juli,7.53,2025,7/1/2025
KAB LAMPUNG TIMUR,Agustus,9.83,2025,8/1/2025
KAB LAMPUNG TIMUR,September,9.06,2025,9/1/2025
KAB LAMPUNG TIMUR,Oktober,7.4,2025,10/1/2025
KAB LAMPUNG TIMUR,November,5.69,2025,11/1/2025
KAB LAMPUNG TIMUR,Desember,5.8,2025,12/1/2025
KAB LAMPUNG TIMUR,Januari,2.83,2026,1/1/2026
KAB LAMPUNG TIMUR,Februari,4.15,2026,2/1/2026
KAB LAMPUNG TIMUR,Maret,-0.73,2026,3/1/2026
KAB LAMPUNG TIMUR,April,0.02,2026,4/1/2026
KAB LAMPUNG TIMUR,Mei,3.55,2026,5/1/2026
KAB LEBAK,Januari,8.39,2024,1/1/2024
KAB LEBAK,Februari,7.81,2024,2/1/2024
KAB LEBAK,Maret,6.32,2024,3/1/2024
KAB LEBAK,April,5.6,2024,4/1/2024
KAB LEBAK,Mei,3.55,2024,5/1/2024
KAB LEBAK,Juni,1.15,2024,6/1/2024
KAB LEBAK,Juli,3.43,2024,7/1/2024
KAB LEBAK,Agustus,3.82,2024,8/1/2024
KAB LEBAK,September,2.74,2024,9/1/2024
KAB LEBAK,Oktober,1.34,2024,10/1/2024
KAB LEBAK,November,0.22,2024,11/1/2024
KAB LEBAK,Desember,0.77,2024,12/1/2024
KAB LEBAK,Januari,3.12,2025,1/1/2025
KAB LEBAK,Februari,0.89,2025,2/1/2025
KAB LEBAK,Maret,1.09,2025,3/1/2025
KAB LEBAK,April,1.51,2025,4/1/2025
KAB LEBAK,Mei,1.18,2025,5/1/2025
KAB LEBAK,Juni,2.2,2025,6/1/2025
KAB LEBAK,Juli,3.34,2025,7/1/2025
KAB LEBAK,Agustus,1.37,2025,8/1/2025
KAB LEBAK,September,3.76,2025,9/1/2025
KAB LEBAK,Oktober,4.62,2025,10/1/2025
KAB LEBAK,November,4.6,2025,11/1/2025
KAB LEBAK,Desember,4.05,2025,12/1/2025
KAB LEBAK,Januari,1.21,2026,1/1/2026
KAB LEBAK,Februari,6.15,2026,2/1/2026
KAB LEBAK,Maret,5.03,2026,3/1/2026
KAB LEBAK,April,4.66,2026,4/1/2026
KAB LEBAK,Mei,6.35,2026,5/1/2026
KAB LUWU TIMUR,Januari,6.28,2024,1/1/2024
KAB LUWU TIMUR,Februari,8.74,2024,2/1/2024
KAB LUWU TIMUR,Maret,7.98,2024,3/1/2024
KAB LUWU TIMUR,April,8.38,2024,4/1/2024
KAB LUWU TIMUR,Mei,7.26,2024,5/1/2024
KAB LUWU TIMUR,Juni,5.04,2024,6/1/2024
KAB LUWU TIMUR,Juli,2.58,2024,7/1/2024
KAB LUWU TIMUR,Agustus,1.45,2024,8/1/2024
KAB LUWU TIMUR,September,1.91,2024,9/1/2024
KAB LUWU TIMUR,Oktober,3.32,2024,10/1/2024
KAB LUWU TIMUR,November,2.64,2024,11/1/2024
KAB LUWU TIMUR,Desember,2.82,2024,12/1/2024
KAB LUWU TIMUR,Januari,2.8,2025,1/1/2025
KAB LUWU TIMUR,Februari,0.65,2025,2/1/2025
KAB LUWU TIMUR,Maret,2.07,2025,3/1/2025
KAB LUWU TIMUR,April,4.4,2025,4/1/2025
KAB LUWU TIMUR,Mei,3.81,2025,5/1/2025
KAB LUWU TIMUR,Juni,4.69,2025,6/1/2025
KAB LUWU TIMUR,Juli,6.65,2025,7/1/2025
KAB LUWU TIMUR,Agustus,9.35,2025,8/1/2025
KAB LUWU TIMUR,September,9.73,2025,9/1/2025
KAB LUWU TIMUR,Oktober,7.26,2025,10/1/2025
KAB LUWU TIMUR,November,4.72,2025,11/1/2025
KAB LUWU TIMUR,Desember,5.77,2025,12/1/2025
KAB LUWU TIMUR,Januari,4.72,2026,1/1/2026
KAB LUWU TIMUR,Februari,7.16,2026,2/1/2026
KAB LUWU TIMUR,Maret,6.9,2026,3/1/2026
KAB LUWU TIMUR,April,4.31,2026,4/1/2026
KAB LUWU TIMUR,Mei,5.23,2026,5/1/2026
KAB MAJALENGKA,Januari,6.48,2024,1/1/2024
KAB MAJALENGKA,Februari,7.19,2024,2/1/2024
KAB MAJALENGKA,Maret,8.26,2024,3/1/2024
KAB MAJALENGKA,April,6.67,2024,4/1/2024
KAB MAJALENGKA,Mei,5.56,2024,5/1/2024
KAB MAJALENGKA,Juni,2.74,2024,6/1/2024
KAB MAJALENGKA,Juli,4.48,2024,7/1/2024
KAB MAJALENGKA,Agustus,2.27,2024,8/1/2024
KAB MAJALENGKA,September,0.73,2024,9/1/2024
KAB MAJALENGKA,Oktober,0.65,2024,10/1/2024
KAB MAJALENGKA,November,0.51,2024,11/1/2024
KAB MAJALENGKA,Desember,0.8,2024,12/1/2024
KAB MAJALENGKA,Januari,2.4,2025,1/1/2025
KAB MAJALENGKA,Februari,-0.01,2025,2/1/2025
KAB MAJALENGKA,Maret,-0.72,2025,3/1/2025
KAB MAJALENGKA,April,-0.17,2025,4/1/2025
KAB MAJALENGKA,Mei,1.1,2025,5/1/2025
KAB MAJALENGKA,Juni,1.52,2025,6/1/2025
KAB MAJALENGKA,Juli,3.14,2025,7/1/2025
KAB MAJALENGKA,Agustus,3.68,2025,8/1/2025
KAB MAJALENGKA,September,4.4,2025,9/1/2025
KAB MAJALENGKA,Oktober,4.54,2025,10/1/2025
KAB MAJALENGKA,November,4.65,2025,11/1/2025
KAB MAJALENGKA,Desember,3.73,2025,12/1/2025
KAB MAJALENGKA,Januari,1.05,2026,1/1/2026
KAB MAJALENGKA,Februari,4.9,2026,2/1/2026
KAB MAJALENGKA,Maret,5.75,2026,3/1/2026
KAB MAJALENGKA,April,4.76,2026,4/1/2026
KAB MAJALENGKA,Mei,4.81,2026,5/1/2026
KAB MAJENE,Januari,5.97,2024,1/1/2024
KAB MAJENE,Februari,5.36,2024,2/1/2024
KAB MAJENE,Maret,5.96,2024,3/1/2024
KAB MAJENE,April,2.53,2024,4/1/2024
KAB MAJENE,Mei,-0.99,2024,5/1/2024
KAB MAJENE,Juni,3.29,2024,6/1/2024
KAB MAJENE,Juli,2.92,2024,7/1/2024
KAB MAJENE,Agustus,1.26,2024,8/1/2024
KAB MAJENE,September,2.18,2024,9/1/2024
KAB MAJENE,Oktober,1.55,2024,10/1/2024
KAB MAJENE,November,-0.52,2024,11/1/2024
KAB MAJENE,Desember,0.5,2024,12/1/2024
KAB MAJENE,Januari,1.58,2025,1/1/2025
KAB MAJENE,Februari,2.7,2025,2/1/2025
KAB MAJENE,Maret,4.55,2025,3/1/2025
KAB MAJENE,April,7.33,2025,4/1/2025
KAB MAJENE,Mei,7.11,2025,5/1/2025
KAB MAJENE,Juni,6.33,2025,6/1/2025
KAB MAJENE,Juli,9.25,2025,7/1/2025
KAB MAJENE,Agustus,9.46,2025,8/1/2025
KAB MAJENE,September,8.1,2025,9/1/2025
KAB MAJENE,Oktober,5.69,2025,10/1/2025
KAB MAJENE,November,5.29,2025,11/1/2025
KAB MAJENE,Desember,3.51,2025,12/1/2025
KAB MAJENE,Januari,1.35,2026,1/1/2026
KAB MAJENE,Februari,2.52,2026,2/1/2026
KAB MAJENE,Maret,2.15,2026,3/1/2026
KAB MAJENE,April,1.44,2026,4/1/2026
KAB MAJENE,Mei,2.55,2026,5/1/2026
KAB MALUKU TENGAH,Januari,14.11,2024,1/1/2024
KAB MALUKU TENGAH,Februari,5.87,2024,2/1/2024
KAB MALUKU TENGAH,Maret,4.04,2024,3/1/2024
KAB MALUKU TENGAH,April,1.16,2024,4/1/2024
KAB MALUKU TENGAH,Mei,-1.09,2024,5/1/2024
KAB MALUKU TENGAH,Juni,1.01,2024,6/1/2024
KAB MALUKU TENGAH,Juli,0.06,2024,7/1/2024
KAB MALUKU TENGAH,Agustus,-3,2024,8/1/2024
KAB MALUKU TENGAH,September,-4.89,2024,9/1/2024
KAB MALUKU TENGAH,Oktober,-0.86,2024,10/1/2024
KAB MALUKU TENGAH,November,0.08,2024,11/1/2024
KAB MALUKU TENGAH,Desember,-3.05,2024,12/1/2024
KAB MALUKU TENGAH,Januari,1.15,2025,1/1/2025
KAB MALUKU TENGAH,Februari,7.44,2025,2/1/2025
KAB MALUKU TENGAH,Maret,11.22,2025,3/1/2025
KAB MALUKU TENGAH,April,3.69,2025,4/1/2025
KAB MALUKU TENGAH,Mei,3.53,2025,5/1/2025
KAB MALUKU TENGAH,Juni,3.65,2025,6/1/2025
KAB MALUKU TENGAH,Juli,6.04,2025,7/1/2025
KAB MALUKU TENGAH,Agustus,7.84,2025,8/1/2025
KAB MALUKU TENGAH,September,7.97,2025,9/1/2025
KAB MALUKU TENGAH,Oktober,2.69,2025,10/1/2025
KAB MALUKU TENGAH,November,2.73,2025,11/1/2025
KAB MALUKU TENGAH,Desember,5.86,2025,12/1/2025
KAB MALUKU TENGAH,Januari,4.7,2026,1/1/2026
KAB MALUKU TENGAH,Februari,8.59,2026,2/1/2026
KAB MALUKU TENGAH,Maret,4.82,2026,3/1/2026
KAB MALUKU TENGAH,April,5.81,2026,4/1/2026
KAB MALUKU TENGAH,Mei,7.53,2026,5/1/2026
KAB MESUJI,Januari,5.64,2024,1/1/2024
KAB MESUJI,Februari,6.17,2024,2/1/2024
KAB MESUJI,Maret,8.42,2024,3/1/2024
KAB MESUJI,April,7.01,2024,4/1/2024
KAB MESUJI,Mei,7.13,2024,5/1/2024
KAB MESUJI,Juni,4.62,2024,6/1/2024
KAB MESUJI,Juli,-0.39,2024,7/1/2024
KAB MESUJI,Agustus,0.09,2024,8/1/2024
KAB MESUJI,September,1.76,2024,9/1/2024
KAB MESUJI,Oktober,2.23,2024,10/1/2024
KAB MESUJI,November,1.46,2024,11/1/2024
KAB MESUJI,Desember,0.94,2024,12/1/2024
KAB MESUJI,Januari,3.75,2025,1/1/2025
KAB MESUJI,Februari,1.99,2025,2/1/2025
KAB MESUJI,Maret,2.31,2025,3/1/2025
KAB MESUJI,April,3.07,2025,4/1/2025
KAB MESUJI,Mei,0.62,2025,5/1/2025
KAB MESUJI,Juni,2.24,2025,6/1/2025
KAB MESUJI,Juli,3.92,2025,7/1/2025
KAB MESUJI,Agustus,5.62,2025,8/1/2025
KAB MESUJI,September,5.57,2025,9/1/2025
KAB MESUJI,Oktober,4.37,2025,10/1/2025
KAB MESUJI,November,4.54,2025,11/1/2025
KAB MESUJI,Desember,5.31,2025,12/1/2025
KAB MESUJI,Januari,0.81,2026,1/1/2026
KAB MESUJI,Februari,2.35,2026,2/1/2026
KAB MESUJI,Maret,1.53,2026,3/1/2026
KAB MESUJI,April,0.71,2026,4/1/2026
KAB MESUJI,Mei,5.55,2026,5/1/2026
KAB MINAHASA SELATAN,Januari,14.43,2024,1/1/2024
KAB MINAHASA SELATAN,Februari,13.55,2024,2/1/2024
KAB MINAHASA SELATAN,Maret,14.18,2024,3/1/2024
KAB MINAHASA SELATAN,April,18.82,2024,4/1/2024
KAB MINAHASA SELATAN,Mei,18.27,2024,5/1/2024
KAB MINAHASA SELATAN,Juni,18.33,2024,6/1/2024
KAB MINAHASA SELATAN,Juli,16.02,2024,7/1/2024
KAB MINAHASA SELATAN,Agustus,20.55,2024,8/1/2024
KAB MINAHASA SELATAN,September,16.96,2024,9/1/2024
KAB MINAHASA SELATAN,Oktober,13.82,2024,10/1/2024
KAB MINAHASA SELATAN,November,7.87,2024,11/1/2024
KAB MINAHASA SELATAN,Desember,-1.75,2024,12/1/2024
KAB MINAHASA SELATAN,Januari,2.32,2025,1/1/2025
KAB MINAHASA SELATAN,Februari,5.41,2025,2/1/2025
KAB MINAHASA SELATAN,Maret,9.67,2025,3/1/2025
KAB MINAHASA SELATAN,April,9.28,2025,4/1/2025
KAB MINAHASA SELATAN,Mei,4.64,2025,5/1/2025
KAB MINAHASA SELATAN,Juni,4.47,2025,6/1/2025
KAB MINAHASA SELATAN,Juli,7.02,2025,7/1/2025
KAB MINAHASA SELATAN,Agustus,0.05,2025,8/1/2025
KAB MINAHASA SELATAN,September,1.99,2025,9/1/2025
KAB MINAHASA SELATAN,Oktober,0.65,2025,10/1/2025
KAB MINAHASA SELATAN,November,-2.61,2025,11/1/2025
KAB MINAHASA SELATAN,Desember,-0.21,2025,12/1/2025
KAB MINAHASA SELATAN,Januari,-1.27,2026,1/1/2026
KAB MINAHASA SELATAN,Februari,2.18,2026,2/1/2026
KAB MINAHASA SELATAN,Maret,-2.15,2026,3/1/2026
KAB MINAHASA SELATAN,April,0.24,2026,4/1/2026
KAB MINAHASA SELATAN,Mei,-0.18,2026,5/1/2026
KAB MINAHASA UTARA,Januari,13.92,2024,1/1/2024
KAB MINAHASA UTARA,Februari,11.34,2024,2/1/2024
KAB MINAHASA UTARA,Maret,10.52,2024,3/1/2024
KAB MINAHASA UTARA,April,15.68,2024,4/1/2024
KAB MINAHASA UTARA,Mei,12.75,2024,5/1/2024
KAB MINAHASA UTARA,Juni,16.59,2024,6/1/2024
KAB MINAHASA UTARA,Juli,12.85,2024,7/1/2024
KAB MINAHASA UTARA,Agustus,15.55,2024,8/1/2024
KAB MINAHASA UTARA,September,9.28,2024,9/1/2024
KAB MINAHASA UTARA,Oktober,5.16,2024,10/1/2024
KAB MINAHASA UTARA,November,5.16,2024,11/1/2024
KAB MINAHASA UTARA,Desember,-2.12,2024,12/1/2024
KAB MINAHASA UTARA,Januari,3,2025,1/1/2025
KAB MINAHASA UTARA,Februari,7.91,2025,2/1/2025
KAB MINAHASA UTARA,Maret,9.46,2025,3/1/2025
KAB MINAHASA UTARA,April,7.46,2025,4/1/2025
KAB MINAHASA UTARA,Mei,7.42,2025,5/1/2025
KAB MINAHASA UTARA,Juni,5.11,2025,6/1/2025
KAB MINAHASA UTARA,Juli,3.52,2025,7/1/2025
KAB MINAHASA UTARA,Agustus,-1.75,2025,8/1/2025
KAB MINAHASA UTARA,September,3.97,2025,9/1/2025
KAB MINAHASA UTARA,Oktober,1.69,2025,10/1/2025
KAB MINAHASA UTARA,November,-3.93,2025,11/1/2025
KAB MINAHASA UTARA,Desember,-1.97,2025,12/1/2025
KAB MINAHASA UTARA,Januari,-1.27,2026,1/1/2026
KAB MINAHASA UTARA,Februari,-0.33,2026,2/1/2026
KAB MINAHASA UTARA,Maret,-4.83,2026,3/1/2026
KAB MINAHASA UTARA,April,-1.41,2026,4/1/2026
KAB MINAHASA UTARA,Mei,-1.12,2026,5/1/2026
KAB MOROWALI,Januari,9.23,2024,1/1/2024
KAB MOROWALI,Februari,14.2,2024,2/1/2024
KAB MOROWALI,Maret,15.76,2024,3/1/2024
KAB MOROWALI,April,17.42,2024,4/1/2024
KAB MOROWALI,Mei,12.79,2024,5/1/2024
KAB MOROWALI,Juni,10.6,2024,6/1/2024
KAB MOROWALI,Juli,8.69,2024,7/1/2024
KAB MOROWALI,Agustus,3.23,2024,8/1/2024
KAB MOROWALI,September,3.87,2024,9/1/2024
KAB MOROWALI,Oktober,5.63,2024,10/1/2024
KAB MOROWALI,November,7.44,2024,11/1/2024
KAB MOROWALI,Desember,3,2024,12/1/2024
KAB MOROWALI,Januari,4.44,2025,1/1/2025
KAB MOROWALI,Februari,1.16,2025,2/1/2025
KAB MOROWALI,Maret,1.64,2025,3/1/2025
KAB MOROWALI,April,1.87,2025,4/1/2025
KAB MOROWALI,Mei,3.15,2025,5/1/2025
KAB MOROWALI,Juni,3.39,2025,6/1/2025
KAB MOROWALI,Juli,9.71,2025,7/1/2025
KAB MOROWALI,Agustus,15.8,2025,8/1/2025
KAB MOROWALI,September,13.05,2025,9/1/2025
KAB MOROWALI,Oktober,9.95,2025,10/1/2025
KAB MOROWALI,November,6.38,2025,11/1/2025
KAB MOROWALI,Desember,4.4,2025,12/1/2025
KAB MOROWALI,Januari,1.55,2026,1/1/2026
KAB MOROWALI,Februari,3.5,2026,2/1/2026
KAB MOROWALI,Maret,2.44,2026,3/1/2026
KAB MOROWALI,April,3.83,2026,4/1/2026
KAB MOROWALI,Mei,3.53,2026,5/1/2026
KAB MUARA ENIM,Januari,11.41,2024,1/1/2024
KAB MUARA ENIM,Februari,8.28,2024,2/1/2024
KAB MUARA ENIM,Maret,5.89,2024,3/1/2024
KAB MUARA ENIM,April,4.18,2024,4/1/2024
KAB MUARA ENIM,Mei,2.57,2024,5/1/2024
KAB MUARA ENIM,Juni,-0.79,2024,6/1/2024
KAB MUARA ENIM,Juli,-2.25,2024,7/1/2024
KAB MUARA ENIM,Agustus,-1.63,2024,8/1/2024
KAB MUARA ENIM,September,-2.79,2024,9/1/2024
KAB MUARA ENIM,Oktober,-2.34,2024,10/1/2024
KAB MUARA ENIM,November,-4.93,2024,11/1/2024
KAB MUARA ENIM,Desember,-2.36,2024,12/1/2024
KAB MUARA ENIM,Januari,1.38,2025,1/1/2025
KAB MUARA ENIM,Februari,1.27,2025,2/1/2025
KAB MUARA ENIM,Maret,5.1,2025,3/1/2025
KAB MUARA ENIM,April,5.81,2025,4/1/2025
KAB MUARA ENIM,Mei,4.16,2025,5/1/2025
KAB MUARA ENIM,Juni,4.39,2025,6/1/2025
KAB MUARA ENIM,Juli,5.37,2025,7/1/2025
KAB MUARA ENIM,Agustus,6.51,2025,8/1/2025
KAB MUARA ENIM,September,7.74,2025,9/1/2025
KAB MUARA ENIM,Oktober,6.69,2025,10/1/2025
KAB MUARA ENIM,November,3.01,2025,11/1/2025
KAB MUARA ENIM,Desember,2.63,2025,12/1/2025
KAB MUARA ENIM,Januari,-1.22,2026,1/1/2026
KAB MUARA ENIM,Februari,2.04,2026,2/1/2026
KAB MUARA ENIM,Maret,0.64,2026,3/1/2026
KAB MUARA ENIM,April,-0.68,2026,4/1/2026
KAB MUARA ENIM,Mei,4.06,2026,5/1/2026
KAB MUKO MUKO,Januari,3,2024,1/1/2024
KAB MUKO MUKO,Februari,8.22,2024,2/1/2024
KAB MUKO MUKO,Maret,5.96,2024,3/1/2024
KAB MUKO MUKO,April,6.43,2024,4/1/2024
KAB MUKO MUKO,Mei,7.26,2024,5/1/2024
KAB MUKO MUKO,Juni,8.37,2024,6/1/2024
KAB MUKO MUKO,Juli,0.75,2024,7/1/2024
KAB MUKO MUKO,Agustus,1.69,2024,8/1/2024
KAB MUKO MUKO,September,-4.11,2024,9/1/2024
KAB MUKO MUKO,Oktober,-2.87,2024,10/1/2024
KAB MUKO MUKO,November,-5.74,2024,11/1/2024
KAB MUKO MUKO,Desember,-5.67,2024,12/1/2024
KAB MUKO MUKO,Januari,-0.01,2025,1/1/2025
KAB MUKO MUKO,Februari,-5.18,2025,2/1/2025
KAB MUKO MUKO,Maret,-4.42,2025,3/1/2025
KAB MUKO MUKO,April,-1.79,2025,4/1/2025
KAB MUKO MUKO,Mei,-3.65,2025,5/1/2025
KAB MUKO MUKO,Juni,-5,2025,6/1/2025
KAB MUKO MUKO,Juli,1.87,2025,7/1/2025
KAB MUKO MUKO,Agustus,4.56,2025,8/1/2025
KAB MUKO MUKO,September,10.79,2025,9/1/2025
KAB MUKO MUKO,Oktober,11.63,2025,10/1/2025
KAB MUKO MUKO,November,9.94,2025,11/1/2025
KAB MUKO MUKO,Desember,9.46,2025,12/1/2025
KAB MUKO MUKO,Januari,1.35,2026,1/1/2026
KAB MUKO MUKO,Februari,5.13,2026,2/1/2026
KAB MUKO MUKO,Maret,6.82,2026,3/1/2026
KAB MUKO MUKO,April,3.55,2026,4/1/2026
KAB MUKO MUKO,Mei,6.8,2026,5/1/2026
KAB NABIRE,Januari,9.3,2024,1/1/2024
KAB NABIRE,Februari,5.9,2024,2/1/2024
KAB NABIRE,Maret,10.57,2024,3/1/2024
KAB NABIRE,April,14.16,2024,4/1/2024
KAB NABIRE,Mei,17.57,2024,5/1/2024
KAB NABIRE,Juni,13,2024,6/1/2024
KAB NABIRE,Juli,14.36,2024,7/1/2024
KAB NABIRE,Agustus,10.84,2024,8/1/2024
KAB NABIRE,September,5.24,2024,9/1/2024
KAB NABIRE,Oktober,3.62,2024,10/1/2024
KAB NABIRE,November,9.41,2024,11/1/2024
KAB NABIRE,Desember,1.85,2024,12/1/2024
KAB NABIRE,Januari,1.01,2025,1/1/2025
KAB NABIRE,Februari,5.15,2025,2/1/2025
KAB NABIRE,Maret,2.04,2025,3/1/2025
KAB NABIRE,April,1.55,2025,4/1/2025
KAB NABIRE,Mei,-0.29,2025,5/1/2025
KAB NABIRE,Juni,-0.49,2025,6/1/2025
KAB NABIRE,Juli,3.65,2025,7/1/2025
KAB NABIRE,Agustus,2.18,2025,8/1/2025
KAB NABIRE,September,7.16,2025,9/1/2025
KAB NABIRE,Oktober,7.79,2025,10/1/2025
KAB NABIRE,November,9.94,2025,11/1/2025
KAB NABIRE,Desember,14.82,2025,12/1/2025
KAB NABIRE,Januari,11.71,2026,1/1/2026
KAB NABIRE,Februari,9.94,2026,2/1/2026
KAB NABIRE,Maret,8.41,2026,3/1/2026
KAB NABIRE,April,3.53,2026,4/1/2026
KAB NABIRE,Mei,1.57,2026,5/1/2026
KAB NGADA,Januari,6.29,2024,1/1/2024
KAB NGADA,Februari,4.82,2024,2/1/2024
KAB NGADA,Maret,1.38,2024,3/1/2024
KAB NGADA,April,6.45,2024,4/1/2024
KAB NGADA,Mei,6.16,2024,5/1/2024
KAB NGADA,Juni,4.91,2024,6/1/2024
KAB NGADA,Juli,2.2,2024,7/1/2024
KAB NGADA,Agustus,2.39,2024,8/1/2024
KAB NGADA,September,0.37,2024,9/1/2024
KAB NGADA,Oktober,1.31,2024,10/1/2024
KAB NGADA,November,2.48,2024,11/1/2024
KAB NGADA,Desember,3.86,2024,12/1/2024
KAB NGADA,Januari,3.02,2025,1/1/2025
KAB NGADA,Februari,5.02,2025,2/1/2025
KAB NGADA,Maret,4.84,2025,3/1/2025
KAB NGADA,April,4.45,2025,4/1/2025
KAB NGADA,Mei,2.18,2025,5/1/2025
KAB NGADA,Juni,2.49,2025,6/1/2025
KAB NGADA,Juli,8.02,2025,7/1/2025
KAB NGADA,Agustus,9.68,2025,8/1/2025
KAB NGADA,September,9.06,2025,9/1/2025
KAB NGADA,Oktober,5.99,2025,10/1/2025
KAB NGADA,November,3.79,2025,11/1/2025
KAB NGADA,Desember,3.03,2025,12/1/2025
KAB NGADA,Januari,2.79,2026,1/1/2026
KAB NGADA,Februari,1.64,2026,2/1/2026
KAB NGADA,Maret,1.81,2026,3/1/2026
KAB NGADA,April,1.62,2026,4/1/2026
KAB NGADA,Mei,4.35,2026,5/1/2026
KAB NUNUKAN,Januari,6.73,2024,1/1/2024
KAB NUNUKAN,Februari,5.33,2024,2/1/2024
KAB NUNUKAN,Maret,7.72,2024,3/1/2024
KAB NUNUKAN,April,5.81,2024,4/1/2024
KAB NUNUKAN,Mei,3.47,2024,5/1/2024
KAB NUNUKAN,Juni,5.36,2024,6/1/2024
KAB NUNUKAN,Juli,3.4,2024,7/1/2024
KAB NUNUKAN,Agustus,0.73,2024,8/1/2024
KAB NUNUKAN,September,1.18,2024,9/1/2024
KAB NUNUKAN,Oktober,6.24,2024,10/1/2024
KAB NUNUKAN,November,1.81,2024,11/1/2024
KAB NUNUKAN,Desember,-1.76,2024,12/1/2024
KAB NUNUKAN,Januari,0.14,2025,1/1/2025
KAB NUNUKAN,Februari,2.52,2025,2/1/2025
KAB NUNUKAN,Maret,1.69,2025,3/1/2025
KAB NUNUKAN,April,0.25,2025,4/1/2025
KAB NUNUKAN,Mei,0.2,2025,5/1/2025
KAB NUNUKAN,Juni,1.68,2025,6/1/2025
KAB NUNUKAN,Juli,2.82,2025,7/1/2025
KAB NUNUKAN,Agustus,2.76,2025,8/1/2025
KAB NUNUKAN,September,2.34,2025,9/1/2025
KAB NUNUKAN,Oktober,1.44,2025,10/1/2025
KAB NUNUKAN,November,2.26,2025,11/1/2025
KAB NUNUKAN,Desember,1.58,2025,12/1/2025
KAB NUNUKAN,Januari,0.01,2026,1/1/2026
KAB NUNUKAN,Februari,1.68,2026,2/1/2026
KAB NUNUKAN,Maret,1.28,2026,3/1/2026
KAB NUNUKAN,April,1.54,2026,4/1/2026
KAB NUNUKAN,Mei,1.51,2026,5/1/2026
KAB OGAN KOMERING ILIR,Januari,10.27,2024,1/1/2024
KAB OGAN KOMERING ILIR,Februari,11.03,2024,2/1/2024
KAB OGAN KOMERING ILIR,Maret,10.56,2024,3/1/2024
KAB OGAN KOMERING ILIR,April,8.54,2024,4/1/2024
KAB OGAN KOMERING ILIR,Mei,6.9,2024,5/1/2024
KAB OGAN KOMERING ILIR,Juni,4.06,2024,6/1/2024
KAB OGAN KOMERING ILIR,Juli,2.15,2024,7/1/2024
KAB OGAN KOMERING ILIR,Agustus,1.92,2024,8/1/2024
KAB OGAN KOMERING ILIR,September,1.22,2024,9/1/2024
KAB OGAN KOMERING ILIR,Oktober,0.01,2024,10/1/2024
KAB OGAN KOMERING ILIR,November,-3.44,2024,11/1/2024
KAB OGAN KOMERING ILIR,Desember,-0.88,2024,12/1/2024
KAB OGAN KOMERING ILIR,Januari,0.74,2025,1/1/2025
KAB OGAN KOMERING ILIR,Februari,0.51,2025,2/1/2025
KAB OGAN KOMERING ILIR,Maret,2.42,2025,3/1/2025
KAB OGAN KOMERING ILIR,April,2.59,2025,4/1/2025
KAB OGAN KOMERING ILIR,Mei,2.04,2025,5/1/2025
KAB OGAN KOMERING ILIR,Juni,2.23,2025,6/1/2025
KAB OGAN KOMERING ILIR,Juli,4.56,2025,7/1/2025
KAB OGAN KOMERING ILIR,Agustus,5.31,2025,8/1/2025
KAB OGAN KOMERING ILIR,September,5.4,2025,9/1/2025
KAB OGAN KOMERING ILIR,Oktober,5.44,2025,10/1/2025
KAB OGAN KOMERING ILIR,November,2.66,2025,11/1/2025
KAB OGAN KOMERING ILIR,Desember,2.17,2025,12/1/2025
KAB OGAN KOMERING ILIR,Januari,-0.5,2026,1/1/2026
KAB OGAN KOMERING ILIR,Februari,1.07,2026,2/1/2026
KAB OGAN KOMERING ILIR,Maret,0.84,2026,3/1/2026
KAB OGAN KOMERING ILIR,April,0.47,2026,4/1/2026
KAB OGAN KOMERING ILIR,Mei,2.51,2026,5/1/2026
KAB PANDEGLANG,Januari,3.78,2024,1/1/2024
KAB PANDEGLANG,Februari,5.47,2024,2/1/2024
KAB PANDEGLANG,Maret,6.11,2024,3/1/2024
KAB PANDEGLANG,April,7.1,2024,4/1/2024
KAB PANDEGLANG,Mei,4.81,2024,5/1/2024
KAB PANDEGLANG,Juni,1.74,2024,6/1/2024
KAB PANDEGLANG,Juli,0.03,2024,7/1/2024
KAB PANDEGLANG,Agustus,-0.35,2024,8/1/2024
KAB PANDEGLANG,September,-1.15,2024,9/1/2024
KAB PANDEGLANG,Oktober,-1.7,2024,10/1/2024
KAB PANDEGLANG,November,0.19,2024,11/1/2024
KAB PANDEGLANG,Desember,2.09,2024,12/1/2024
KAB PANDEGLANG,Januari,3.31,2025,1/1/2025
KAB PANDEGLANG,Februari,0.04,2025,2/1/2025
KAB PANDEGLANG,Maret,0.27,2025,3/1/2025
KAB PANDEGLANG,April,0.05,2025,4/1/2025
KAB PANDEGLANG,Mei,1.68,2025,5/1/2025
KAB PANDEGLANG,Juni,3.88,2025,6/1/2025
KAB PANDEGLANG,Juli,5.69,2025,7/1/2025
KAB PANDEGLANG,Agustus,4.47,2025,8/1/2025
KAB PANDEGLANG,September,5.6,2025,9/1/2025
KAB PANDEGLANG,Oktober,5.79,2025,10/1/2025
KAB PANDEGLANG,November,4.32,2025,11/1/2025
KAB PANDEGLANG,Desember,5.01,2025,12/1/2025
KAB PANDEGLANG,Januari,1.79,2026,1/1/2026
KAB PANDEGLANG,Februari,7.22,2026,2/1/2026
KAB PANDEGLANG,Maret,7.04,2026,3/1/2026
KAB PANDEGLANG,April,4.52,2026,4/1/2026
KAB PANDEGLANG,Mei,4.98,2026,5/1/2026
KAB PASAMAN BARAT,Januari,6.94,2024,1/1/2024
KAB PASAMAN BARAT,Februari,12.01,2024,2/1/2024
KAB PASAMAN BARAT,Maret,14.39,2024,3/1/2024
KAB PASAMAN BARAT,April,13.17,2024,4/1/2024
KAB PASAMAN BARAT,Mei,15.09,2024,5/1/2024
KAB PASAMAN BARAT,Juni,14.36,2024,6/1/2024
KAB PASAMAN BARAT,Juli,6.93,2024,7/1/2024
KAB PASAMAN BARAT,Agustus,3.29,2024,8/1/2024
KAB PASAMAN BARAT,September,1.39,2024,9/1/2024
KAB PASAMAN BARAT,Oktober,1.44,2024,10/1/2024
KAB PASAMAN BARAT,November,-4.41,2024,11/1/2024
KAB PASAMAN BARAT,Desember,-3.8,2024,12/1/2024
KAB PASAMAN BARAT,Januari,6.48,2025,1/1/2025
KAB PASAMAN BARAT,Februari,0.1,2025,2/1/2025
KAB PASAMAN BARAT,Maret,-4.73,2025,3/1/2025
KAB PASAMAN BARAT,April,2.57,2025,4/1/2025
KAB PASAMAN BARAT,Mei,-5.69,2025,5/1/2025
KAB PASAMAN BARAT,Juni,-6.82,2025,6/1/2025
KAB PASAMAN BARAT,Juli,1.24,2025,7/1/2025
KAB PASAMAN BARAT,Agustus,5.49,2025,8/1/2025
KAB PASAMAN BARAT,September,12.54,2025,9/1/2025
KAB PASAMAN BARAT,Oktober,14.44,2025,10/1/2025
KAB PASAMAN BARAT,November,10.73,2025,11/1/2025
KAB PASAMAN BARAT,Desember,16.08,2025,12/1/2025
KAB PASAMAN BARAT,Januari,2.8,2026,1/1/2026
KAB PASAMAN BARAT,Februari,1.23,2026,2/1/2026
KAB PASAMAN BARAT,Maret,3.76,2026,3/1/2026
KAB PASAMAN BARAT,April,-1.45,2026,4/1/2026
KAB PASAMAN BARAT,Mei,8.65,2026,5/1/2026
KAB PENAJAM PASER UTARA,Januari,6.37,2024,1/1/2024
KAB PENAJAM PASER UTARA,Februari,8.2,2024,2/1/2024
KAB PENAJAM PASER UTARA,Maret,7.2,2024,3/1/2024
KAB PENAJAM PASER UTARA,April,7.38,2024,4/1/2024
KAB PENAJAM PASER UTARA,Mei,7,2024,5/1/2024
KAB PENAJAM PASER UTARA,Juni,4.84,2024,6/1/2024
KAB PENAJAM PASER UTARA,Juli,2.46,2024,7/1/2024
KAB PENAJAM PASER UTARA,Agustus,1.5,2024,8/1/2024
KAB PENAJAM PASER UTARA,September,2.96,2024,9/1/2024
KAB PENAJAM PASER UTARA,Oktober,-0.74,2024,10/1/2024
KAB PENAJAM PASER UTARA,November,-0.39,2024,11/1/2024
KAB PENAJAM PASER UTARA,Desember,0.95,2024,12/1/2024
KAB PENAJAM PASER UTARA,Januari,1.94,2025,1/1/2025
KAB PENAJAM PASER UTARA,Februari,1.53,2025,2/1/2025
KAB PENAJAM PASER UTARA,Maret,2.92,2025,3/1/2025
KAB PENAJAM PASER UTARA,April,2.84,2025,4/1/2025
KAB PENAJAM PASER UTARA,Mei,0.39,2025,5/1/2025
KAB PENAJAM PASER UTARA,Juni,0.37,2025,6/1/2025
KAB PENAJAM PASER UTARA,Juli,6.75,2025,7/1/2025
KAB PENAJAM PASER UTARA,Agustus,5.99,2025,8/1/2025
KAB PENAJAM PASER UTARA,September,5.43,2025,9/1/2025
KAB PENAJAM PASER UTARA,Oktober,4.07,2025,10/1/2025
KAB PENAJAM PASER UTARA,November,4.05,2025,11/1/2025
KAB PENAJAM PASER UTARA,Desember,2.83,2025,12/1/2025
KAB PENAJAM PASER UTARA,Januari,-0.05,2026,1/1/2026
KAB PENAJAM PASER UTARA,Februari,1.98,2026,2/1/2026
KAB PENAJAM PASER UTARA,Maret,2.76,2026,3/1/2026
KAB PENAJAM PASER UTARA,April,2.27,2026,4/1/2026
KAB PENAJAM PASER UTARA,Mei,2.42,2026,5/1/2026
KAB REMBANG,Januari,9.56,2024,1/1/2024
KAB REMBANG,Februari,9.4,2024,2/1/2024
KAB REMBANG,Maret,11.06,2024,3/1/2024
KAB REMBANG,April,8.96,2024,4/1/2024
KAB REMBANG,Mei,5.27,2024,5/1/2024
KAB REMBANG,Juni,3.21,2024,6/1/2024
KAB REMBANG,Juli,1.29,2024,7/1/2024
KAB REMBANG,Agustus,0.44,2024,8/1/2024
KAB REMBANG,September,-0.21,2024,9/1/2024
KAB REMBANG,Oktober,-0.36,2024,10/1/2024
KAB REMBANG,November,-1.27,2024,11/1/2024
KAB REMBANG,Desember,-0.44,2024,12/1/2024
KAB REMBANG,Januari,2.63,2025,1/1/2025
KAB REMBANG,Februari,0.15,2025,2/1/2025
KAB REMBANG,Maret,0.8,2025,3/1/2025
KAB REMBANG,April,2.36,2025,4/1/2025
KAB REMBANG,Mei,1.38,2025,5/1/2025
KAB REMBANG,Juni,2.67,2025,6/1/2025
KAB REMBANG,Juli,4.62,2025,7/1/2025
KAB REMBANG,Agustus,4.02,2025,8/1/2025
KAB REMBANG,September,4.75,2025,9/1/2025
KAB REMBANG,Oktober,5.24,2025,10/1/2025
KAB REMBANG,November,4.6,2025,11/1/2025
KAB REMBANG,Desember,3.57,2025,12/1/2025
KAB REMBANG,Januari,-0.05,2026,1/1/2026
KAB REMBANG,Februari,3.26,2026,2/1/2026
KAB REMBANG,Maret,3.19,2026,3/1/2026
KAB REMBANG,April,1.24,2026,4/1/2026
KAB REMBANG,Mei,3.5,2026,5/1/2026
KAB SIDENRENG RAPPANG,Januari,6.01,2024,1/1/2024
KAB SIDENRENG RAPPANG,Februari,7.19,2024,2/1/2024
KAB SIDENRENG RAPPANG,Maret,13.42,2024,3/1/2024
KAB SIDENRENG RAPPANG,April,10.86,2024,4/1/2024
KAB SIDENRENG RAPPANG,Mei,10.64,2024,5/1/2024
KAB SIDENRENG RAPPANG,Juni,5.85,2024,6/1/2024
KAB SIDENRENG RAPPANG,Juli,3.29,2024,7/1/2024
KAB SIDENRENG RAPPANG,Agustus,2.26,2024,8/1/2024
KAB SIDENRENG RAPPANG,September,2.75,2024,9/1/2024
KAB SIDENRENG RAPPANG,Oktober,2.49,2024,10/1/2024
KAB SIDENRENG RAPPANG,November,1.83,2024,11/1/2024
KAB SIDENRENG RAPPANG,Desember,-0.81,2024,12/1/2024
KAB SIDENRENG RAPPANG,Januari,0.95,2025,1/1/2025
KAB SIDENRENG RAPPANG,Februari,-1.13,2025,2/1/2025
KAB SIDENRENG RAPPANG,Maret,-0.09,2025,3/1/2025
KAB SIDENRENG RAPPANG,April,0.29,2025,4/1/2025
KAB SIDENRENG RAPPANG,Mei,3.28,2025,5/1/2025
KAB SIDENRENG RAPPANG,Juni,3.53,2025,6/1/2025
KAB SIDENRENG RAPPANG,Juli,5.94,2025,7/1/2025
KAB SIDENRENG RAPPANG,Agustus,7.72,2025,8/1/2025
KAB SIDENRENG RAPPANG,September,6.86,2025,9/1/2025
KAB SIDENRENG RAPPANG,Oktober,5.58,2025,10/1/2025
KAB SIDENRENG RAPPANG,November,4.82,2025,11/1/2025
KAB SIDENRENG RAPPANG,Desember,3.7,2025,12/1/2025
KAB SIDENRENG RAPPANG,Januari,4.45,2026,1/1/2026
KAB SIDENRENG RAPPANG,Februari,7.17,2026,2/1/2026
KAB SIDENRENG RAPPANG,Maret,5.95,2026,3/1/2026
KAB SIDENRENG RAPPANG,April,6.38,2026,4/1/2026
KAB SIDENRENG RAPPANG,Mei,5.79,2026,5/1/2026
KAB SORONG,Januari,1.38,2024,1/1/2024
KAB SORONG,Februari,4.19,2024,2/1/2024
KAB SORONG,Maret,4.5,2024,3/1/2024
KAB SORONG,April,10.41,2024,4/1/2024
KAB SORONG,Mei,10.12,2024,5/1/2024
KAB SORONG,Juni,5.63,2024,6/1/2024
KAB SORONG,Juli,7.27,2024,7/1/2024
KAB SORONG,Agustus,5.49,2024,8/1/2024
KAB SORONG,September,8.92,2024,9/1/2024
KAB SORONG,Oktober,8.54,2024,10/1/2024
KAB SORONG,November,4.67,2024,11/1/2024
KAB SORONG,Desember,3.5,2024,12/1/2024
KAB SORONG,Januari,4.33,2025,1/1/2025
KAB SORONG,Februari,1.62,2025,2/1/2025
KAB SORONG,Maret,0.21,2025,3/1/2025
KAB SORONG,April,0.34,2025,4/1/2025
KAB SORONG,Mei,-1.49,2025,5/1/2025
KAB SORONG,Juni,0.72,2025,6/1/2025
KAB SORONG,Juli,3.49,2025,7/1/2025
KAB SORONG,Agustus,5.48,2025,8/1/2025
KAB SORONG,September,5.95,2025,9/1/2025
KAB SORONG,Oktober,4.71,2025,10/1/2025
KAB SORONG,November,4.01,2025,11/1/2025
KAB SORONG,Desember,4.11,2025,12/1/2025
KAB SORONG,Januari,2.46,2026,1/1/2026
KAB SORONG,Februari,4.3,2026,2/1/2026
KAB SORONG,Maret,5.84,2026,3/1/2026
KAB SORONG,April,2.34,2026,4/1/2026
KAB SORONG,Mei,2.66,2026,5/1/2026
KAB SORONG SELATAN,Januari,2.02,2024,1/1/2024
KAB SORONG SELATAN,Februari,4.51,2024,2/1/2024
KAB SORONG SELATAN,Maret,6.2,2024,3/1/2024
KAB SORONG SELATAN,April,5.81,2024,4/1/2024
KAB SORONG SELATAN,Mei,5.58,2024,5/1/2024
KAB SORONG SELATAN,Juni,4.24,2024,6/1/2024
KAB SORONG SELATAN,Juli,5.54,2024,7/1/2024
KAB SORONG SELATAN,Agustus,5.58,2024,8/1/2024
KAB SORONG SELATAN,September,4.21,2024,9/1/2024
KAB SORONG SELATAN,Oktober,5.88,2024,10/1/2024
KAB SORONG SELATAN,November,6.12,2024,11/1/2024
KAB SORONG SELATAN,Desember,4.32,2024,12/1/2024
KAB SORONG SELATAN,Januari,2.48,2025,1/1/2025
KAB SORONG SELATAN,Februari,2.04,2025,2/1/2025
KAB SORONG SELATAN,Maret,1.53,2025,3/1/2025
KAB SORONG SELATAN,April,2.03,2025,4/1/2025
KAB SORONG SELATAN,Mei,2.63,2025,5/1/2025
KAB SORONG SELATAN,Juni,3.48,2025,6/1/2025
KAB SORONG SELATAN,Juli,3.19,2025,7/1/2025
KAB SORONG SELATAN,Agustus,3.12,2025,8/1/2025
KAB SORONG SELATAN,September,3.58,2025,9/1/2025
KAB SORONG SELATAN,Oktober,3.02,2025,10/1/2025
KAB SORONG SELATAN,November,2.27,2025,11/1/2025
KAB SORONG SELATAN,Desember,2.61,2025,12/1/2025
KAB SORONG SELATAN,Januari,3.13,2026,1/1/2026
KAB SORONG SELATAN,Februari,2.64,2026,2/1/2026
KAB SORONG SELATAN,Maret,2.72,2026,3/1/2026
KAB SORONG SELATAN,April,2.84,2026,4/1/2026
KAB SORONG SELATAN,Mei,1.99,2026,5/1/2026
KAB SUBANG,Januari,10.51,2024,1/1/2024
KAB SUBANG,Februari,8.95,2024,2/1/2024
KAB SUBANG,Maret,9.43,2024,3/1/2024
KAB SUBANG,April,8.61,2024,4/1/2024
KAB SUBANG,Mei,5.05,2024,5/1/2024
KAB SUBANG,Juni,3.1,2024,6/1/2024
KAB SUBANG,Juli,2.34,2024,7/1/2024
KAB SUBANG,Agustus,3.75,2024,8/1/2024
KAB SUBANG,September,1.35,2024,9/1/2024
KAB SUBANG,Oktober,1.06,2024,10/1/2024
KAB SUBANG,November,-2.36,2024,11/1/2024
KAB SUBANG,Desember,-1.78,2024,12/1/2024
KAB SUBANG,Januari,-0.67,2025,1/1/2025
KAB SUBANG,Februari,-1.19,2025,2/1/2025
KAB SUBANG,Maret,-0.31,2025,3/1/2025
KAB SUBANG,April,-1.47,2025,4/1/2025
KAB SUBANG,Mei,0.02,2025,5/1/2025
KAB SUBANG,Juni,2.05,2025,6/1/2025
KAB SUBANG,Juli,1.66,2025,7/1/2025
KAB SUBANG,Agustus,1.45,2025,8/1/2025
KAB SUBANG,September,3,2025,9/1/2025
KAB SUBANG,Oktober,3.56,2025,10/1/2025
KAB SUBANG,November,2.91,2025,11/1/2025
KAB SUBANG,Desember,2.97,2025,12/1/2025
KAB SUBANG,Januari,0.96,2026,1/1/2026
KAB SUBANG,Februari,3.45,2026,2/1/2026
KAB SUBANG,Maret,3.45,2026,3/1/2026
KAB SUBANG,April,3.23,2026,4/1/2026
KAB SUBANG,Mei,4.12,2026,5/1/2026
KAB SUKAMARA,Januari,7.13,2024,1/1/2024
KAB SUKAMARA,Februari,5.25,2024,2/1/2024
KAB SUKAMARA,Maret,4.8,2024,3/1/2024
KAB SUKAMARA,April,5.91,2024,4/1/2024
KAB SUKAMARA,Mei,7.03,2024,5/1/2024
KAB SUKAMARA,Juni,2.23,2024,6/1/2024
KAB SUKAMARA,Juli,1.78,2024,7/1/2024
KAB SUKAMARA,Agustus,2.79,2024,8/1/2024
KAB SUKAMARA,September,3.18,2024,9/1/2024
KAB SUKAMARA,Oktober,2.6,2024,10/1/2024
KAB SUKAMARA,November,0.76,2024,11/1/2024
KAB SUKAMARA,Desember,0.68,2024,12/1/2024
KAB SUKAMARA,Januari,2.48,2025,1/1/2025
KAB SUKAMARA,Februari,3.81,2025,2/1/2025
KAB SUKAMARA,Maret,1.87,2025,3/1/2025
KAB SUKAMARA,April,0.43,2025,4/1/2025
KAB SUKAMARA,Mei,-1.52,2025,5/1/2025
KAB SUKAMARA,Juni,-0.56,2025,6/1/2025
KAB SUKAMARA,Juli,1.48,2025,7/1/2025
KAB SUKAMARA,Agustus,2.36,2025,8/1/2025
KAB SUKAMARA,September,2.77,2025,9/1/2025
KAB SUKAMARA,Oktober,3.17,2025,10/1/2025
KAB SUKAMARA,November,2.56,2025,11/1/2025
KAB SUKAMARA,Desember,4.12,2025,12/1/2025
KAB SUKAMARA,Januari,1.25,2026,1/1/2026
KAB SUKAMARA,Februari,3.79,2026,2/1/2026
KAB SUKAMARA,Maret,4.01,2026,3/1/2026
KAB SUKAMARA,April,4.66,2026,4/1/2026
KAB SUKAMARA,Mei,5.87,2026,5/1/2026
KAB SUMBAWA,Januari,6.02,2024,1/1/2024
KAB SUMBAWA,Februari,7.96,2024,2/1/2024
KAB SUMBAWA,Maret,9.14,2024,3/1/2024
KAB SUMBAWA,April,7.44,2024,4/1/2024
KAB SUMBAWA,Mei,3.19,2024,5/1/2024
KAB SUMBAWA,Juni,-0.54,2024,6/1/2024
KAB SUMBAWA,Juli,0.41,2024,7/1/2024
KAB SUMBAWA,Agustus,0.73,2024,8/1/2024
KAB SUMBAWA,September,0.55,2024,9/1/2024
KAB SUMBAWA,Oktober,-1.19,2024,10/1/2024
KAB SUMBAWA,November,-1.28,2024,11/1/2024
KAB SUMBAWA,Desember,-2.88,2024,12/1/2024
KAB SUMBAWA,Januari,0.88,2025,1/1/2025
KAB SUMBAWA,Februari,1.55,2025,2/1/2025
KAB SUMBAWA,Maret,-0.43,2025,3/1/2025
KAB SUMBAWA,April,-0.57,2025,4/1/2025
KAB SUMBAWA,Mei,0.89,2025,5/1/2025
KAB SUMBAWA,Juni,4.43,2025,6/1/2025
KAB SUMBAWA,Juli,5.71,2025,7/1/2025
KAB SUMBAWA,Agustus,2.74,2025,8/1/2025
KAB SUMBAWA,September,3.1,2025,9/1/2025
KAB SUMBAWA,Oktober,3.61,2025,10/1/2025
KAB SUMBAWA,November,2.88,2025,11/1/2025
KAB SUMBAWA,Desember,2.86,2025,12/1/2025
KAB SUMBAWA,Januari,1.17,2026,1/1/2026
KAB SUMBAWA,Februari,2.99,2026,2/1/2026
KAB SUMBAWA,Maret,3.93,2026,3/1/2026
KAB SUMBAWA,April,3.38,2026,4/1/2026
KAB SUMBAWA,Mei,5.15,2026,5/1/2026
KAB TABANAN,Januari,7.42,2024,1/1/2024
KAB TABANAN,Februari,7.54,2024,2/1/2024
KAB TABANAN,Maret,8.06,2024,3/1/2024
KAB TABANAN,April,10.55,2024,4/1/2024
KAB TABANAN,Mei,7.97,2024,5/1/2024
KAB TABANAN,Juni,2.87,2024,6/1/2024
KAB TABANAN,Juli,2.42,2024,7/1/2024
KAB TABANAN,Agustus,2.07,2024,8/1/2024
KAB TABANAN,September,4.67,2024,9/1/2024
KAB TABANAN,Oktober,3.09,2024,10/1/2024
KAB TABANAN,November,3.81,2024,11/1/2024
KAB TABANAN,Desember,3.98,2024,12/1/2024
KAB TABANAN,Januari,9.06,2025,1/1/2025
KAB TABANAN,Februari,4.89,2025,2/1/2025
KAB TABANAN,Maret,4.33,2025,3/1/2025
KAB TABANAN,April,3.19,2025,4/1/2025
KAB TABANAN,Mei,0.97,2025,5/1/2025
KAB TABANAN,Juni,5.91,2025,6/1/2025
KAB TABANAN,Juli,7.25,2025,7/1/2025
KAB TABANAN,Agustus,4.78,2025,8/1/2025
KAB TABANAN,September,2.68,2025,9/1/2025
KAB TABANAN,Oktober,3.72,2025,10/1/2025
KAB TABANAN,November,2.72,2025,11/1/2025
KAB TABANAN,Desember,4.79,2025,12/1/2025
KAB TABANAN,Januari,-0.81,2026,1/1/2026
KAB TABANAN,Februari,2.09,2026,2/1/2026
KAB TABANAN,Maret,1.79,2026,3/1/2026
KAB TABANAN,April,0.77,2026,4/1/2026
KAB TABANAN,Mei,4.23,2026,5/1/2026
KAB TANAH LAUT,Januari,8.2,2024,1/1/2024
KAB TANAH LAUT,Februari,3.58,2024,2/1/2024
KAB TANAH LAUT,Maret,5.83,2024,3/1/2024
KAB TANAH LAUT,April,5.66,2024,4/1/2024
KAB TANAH LAUT,Mei,2.18,2024,5/1/2024
KAB TANAH LAUT,Juni,2.55,2024,6/1/2024
KAB TANAH LAUT,Juli,0.82,2024,7/1/2024
KAB TANAH LAUT,Agustus,0.26,2024,8/1/2024
KAB TANAH LAUT,September,4.1,2024,9/1/2024
KAB TANAH LAUT,Oktober,1.95,2024,10/1/2024
KAB TANAH LAUT,November,6.93,2024,11/1/2024
KAB TANAH LAUT,Desember,7.38,2024,12/1/2024
KAB TANAH LAUT,Januari,4.85,2025,1/1/2025
KAB TANAH LAUT,Februari,6.22,2025,2/1/2025
KAB TANAH LAUT,Maret,5.34,2025,3/1/2025
KAB TANAH LAUT,April,1.36,2025,4/1/2025
KAB TANAH LAUT,Mei,-0.62,2025,5/1/2025
KAB TANAH LAUT,Juni,-0.12,2025,6/1/2025
KAB TANAH LAUT,Juli,3.57,2025,7/1/2025
KAB TANAH LAUT,Agustus,4.77,2025,8/1/2025
KAB TANAH LAUT,September,3.3,2025,9/1/2025
KAB TANAH LAUT,Oktober,3.37,2025,10/1/2025
KAB TANAH LAUT,November,3.71,2025,11/1/2025
KAB TANAH LAUT,Desember,2.61,2025,12/1/2025
KAB TANAH LAUT,Januari,0.94,2026,1/1/2026
KAB TANAH LAUT,Februari,3.21,2026,2/1/2026
KAB TANAH LAUT,Maret,5.9,2026,3/1/2026
KAB TANAH LAUT,April,6.5,2026,4/1/2026
KAB TANAH LAUT,Mei,9.12,2026,5/1/2026
KAB TIMOR TENGAH SELATAN,Januari,9.06,2024,1/1/2024
KAB TIMOR TENGAH SELATAN,Februari,5.82,2024,2/1/2024
KAB TIMOR TENGAH SELATAN,Maret,3.04,2024,3/1/2024
KAB TIMOR TENGAH SELATAN,April,2.59,2024,4/1/2024
KAB TIMOR TENGAH SELATAN,Mei,1.63,2024,5/1/2024
KAB TIMOR TENGAH SELATAN,Juni,-2.18,2024,6/1/2024
KAB TIMOR TENGAH SELATAN,Juli,-5.63,2024,7/1/2024
KAB TIMOR TENGAH SELATAN,Agustus,-4.46,2024,8/1/2024
KAB TIMOR TENGAH SELATAN,September,-5.08,2024,9/1/2024
KAB TIMOR TENGAH SELATAN,Oktober,-4.52,2024,10/1/2024
KAB TIMOR TENGAH SELATAN,November,-5.44,2024,11/1/2024
KAB TIMOR TENGAH SELATAN,Desember,-3.22,2024,12/1/2024
KAB TIMOR TENGAH SELATAN,Januari,-1.57,2025,1/1/2025
KAB TIMOR TENGAH SELATAN,Februari,3.05,2025,2/1/2025
KAB TIMOR TENGAH SELATAN,Maret,3.52,2025,3/1/2025
KAB TIMOR TENGAH SELATAN,April,5.28,2025,4/1/2025
KAB TIMOR TENGAH SELATAN,Mei,5.9,2025,5/1/2025
KAB TIMOR TENGAH SELATAN,Juni,6.94,2025,6/1/2025
KAB TIMOR TENGAH SELATAN,Juli,10.21,2025,7/1/2025
KAB TIMOR TENGAH SELATAN,Agustus,8.11,2025,8/1/2025
KAB TIMOR TENGAH SELATAN,September,5.38,2025,9/1/2025
KAB TIMOR TENGAH SELATAN,Oktober,3.03,2025,10/1/2025
KAB TIMOR TENGAH SELATAN,November,2.87,2025,11/1/2025
KAB TIMOR TENGAH SELATAN,Desember,2.02,2025,12/1/2025
KAB TIMOR TENGAH SELATAN,Januari,0.42,2026,1/1/2026
KAB TIMOR TENGAH SELATAN,Februari,-0.76,2026,2/1/2026
KAB TIMOR TENGAH SELATAN,Maret,1.61,2026,3/1/2026
KAB TIMOR TENGAH SELATAN,April,2.86,2026,4/1/2026
KAB TIMOR TENGAH SELATAN,Mei,-0.55,2026,5/1/2026
KAB TOLI TOLI,Januari,13.42,2024,1/1/2024
KAB TOLI TOLI,Februari,11.34,2024,2/1/2024
KAB TOLI TOLI,Maret,12.59,2024,3/1/2024
KAB TOLI TOLI,April,14.98,2024,4/1/2024
KAB TOLI TOLI,Mei,11.63,2024,5/1/2024
KAB TOLI TOLI,Juni,8.92,2024,6/1/2024
KAB TOLI TOLI,Juli,6.73,2024,7/1/2024
KAB TOLI TOLI,Agustus,7.46,2024,8/1/2024
KAB TOLI TOLI,September,6.2,2024,9/1/2024
KAB TOLI TOLI,Oktober,3.69,2024,10/1/2024
KAB TOLI TOLI,November,1.75,2024,11/1/2024
KAB TOLI TOLI,Desember,-3.77,2024,12/1/2024
KAB TOLI TOLI,Januari,0.24,2025,1/1/2025
KAB TOLI TOLI,Februari,1.87,2025,2/1/2025
KAB TOLI TOLI,Maret,4.35,2025,3/1/2025
KAB TOLI TOLI,April,7.39,2025,4/1/2025
KAB TOLI TOLI,Mei,9.01,2025,5/1/2025
KAB TOLI TOLI,Juni,6.96,2025,6/1/2025
KAB TOLI TOLI,Juli,14.47,2025,7/1/2025
KAB TOLI TOLI,Agustus,13.74,2025,8/1/2025
KAB TOLI TOLI,September,11.49,2025,9/1/2025
KAB TOLI TOLI,Oktober,14.9,2025,10/1/2025
KAB TOLI TOLI,November,14.63,2025,11/1/2025
KAB TOLI TOLI,Desember,12.96,2025,12/1/2025
KAB TOLI TOLI,Januari,8.81,2026,1/1/2026
KAB TOLI TOLI,Februari,10.56,2026,2/1/2026
KAB TOLI TOLI,Maret,5.25,2026,3/1/2026
KAB TOLI TOLI,April,0.87,2026,4/1/2026
KAB TOLI TOLI,Mei,2.3,2026,5/1/2026
KAB TULUNGAGUNG,Januari,7.58,2024,1/1/2024
KAB TULUNGAGUNG,Februari,8,2024,2/1/2024
KAB TULUNGAGUNG,Maret,8.83,2024,3/1/2024
KAB TULUNGAGUNG,April,8.93,2024,4/1/2024
KAB TULUNGAGUNG,Mei,9.34,2024,5/1/2024
KAB TULUNGAGUNG,Juni,5.55,2024,6/1/2024
KAB TULUNGAGUNG,Juli,5.35,2024,7/1/2024
KAB TULUNGAGUNG,Agustus,5.29,2024,8/1/2024
KAB TULUNGAGUNG,September,2.87,2024,9/1/2024
KAB TULUNGAGUNG,Oktober,2.13,2024,10/1/2024
KAB TULUNGAGUNG,November,1.3,2024,11/1/2024
KAB TULUNGAGUNG,Desember,1.75,2024,12/1/2024
KAB TULUNGAGUNG,Januari,3.22,2025,1/1/2025
KAB TULUNGAGUNG,Februari,1.18,2025,2/1/2025
KAB TULUNGAGUNG,Maret,1.4,2025,3/1/2025
KAB TULUNGAGUNG,April,-1,2025,4/1/2025
KAB TULUNGAGUNG,Mei,-0.38,2025,5/1/2025
KAB TULUNGAGUNG,Juni,2.86,2025,6/1/2025
KAB TULUNGAGUNG,Juli,3.58,2025,7/1/2025
KAB TULUNGAGUNG,Agustus,3.26,2025,8/1/2025
KAB TULUNGAGUNG,September,4.89,2025,9/1/2025
KAB TULUNGAGUNG,Oktober,4.2,2025,10/1/2025
KAB TULUNGAGUNG,November,3.52,2025,11/1/2025
KAB TULUNGAGUNG,Desember,3.71,2025,12/1/2025
KAB TULUNGAGUNG,Januari,0.43,2026,1/1/2026
KAB TULUNGAGUNG,Februari,3.07,2026,2/1/2026
KAB TULUNGAGUNG,Maret,2.05,2026,3/1/2026
KAB TULUNGAGUNG,April,3.02,2026,4/1/2026
KAB TULUNGAGUNG,Mei,4.37,2026,5/1/2026
KAB WAJO,Januari,6.89,2024,1/1/2024
KAB WAJO,Februari,9.09,2024,2/1/2024
KAB WAJO,Maret,5.77,2024,3/1/2024
KAB WAJO,April,3.92,2024,4/1/2024
KAB WAJO,Mei,1.52,2024,5/1/2024
KAB WAJO,Juni,1.84,2024,6/1/2024
KAB WAJO,Juli,-0.89,2024,7/1/2024
KAB WAJO,Agustus,-0.18,2024,8/1/2024
KAB WAJO,September,-0.22,2024,9/1/2024
KAB WAJO,Oktober,-0.92,2024,10/1/2024
KAB WAJO,November,-2.18,2024,11/1/2024
KAB WAJO,Desember,-4.34,2024,12/1/2024
KAB WAJO,Januari,-3.12,2025,1/1/2025
KAB WAJO,Februari,-3.4,2025,2/1/2025
KAB WAJO,Maret,0.7,2025,3/1/2025
KAB WAJO,April,0.51,2025,4/1/2025
KAB WAJO,Mei,0.99,2025,5/1/2025
KAB WAJO,Juni,2.14,2025,6/1/2025
KAB WAJO,Juli,5.88,2025,7/1/2025
KAB WAJO,Agustus,6.18,2025,8/1/2025
KAB WAJO,September,6.22,2025,9/1/2025
KAB WAJO,Oktober,4.47,2025,10/1/2025
KAB WAJO,November,2.36,2025,11/1/2025
KAB WAJO,Desember,4.23,2025,12/1/2025
KAB WAJO,Januari,2.71,2026,1/1/2026
KAB WAJO,Februari,4.1,2026,2/1/2026
KAB WAJO,Maret,2.85,2026,3/1/2026
KAB WAJO,April,3.01,2026,4/1/2026
KAB WAJO,Mei,3.91,2026,5/1/2026
KAB WONOGIRI,Januari,7.69,2024,1/1/2024
KAB WONOGIRI,Februari,9.41,2024,2/1/2024
KAB WONOGIRI,Maret,10.4,2024,3/1/2024
KAB WONOGIRI,April,9.34,2024,4/1/2024
KAB WONOGIRI,Mei,6.38,2024,5/1/2024
KAB WONOGIRI,Juni,4.08,2024,6/1/2024
KAB WONOGIRI,Juli,2.56,2024,7/1/2024
KAB WONOGIRI,Agustus,2.38,2024,8/1/2024
KAB WONOGIRI,September,1.55,2024,9/1/2024
KAB WONOGIRI,Oktober,1.87,2024,10/1/2024
KAB WONOGIRI,November,0.73,2024,11/1/2024
KAB WONOGIRI,Desember,2.13,2024,12/1/2024
KAB WONOGIRI,Januari,4.07,2025,1/1/2025
KAB WONOGIRI,Februari,0.36,2025,2/1/2025
KAB WONOGIRI,Maret,0.93,2025,3/1/2025
KAB WONOGIRI,April,0.62,2025,4/1/2025
KAB WONOGIRI,Mei,0.22,2025,5/1/2025
KAB WONOGIRI,Juni,3.48,2025,6/1/2025
KAB WONOGIRI,Juli,4.74,2025,7/1/2025
KAB WONOGIRI,Agustus,4.89,2025,8/1/2025
KAB WONOGIRI,September,6.01,2025,9/1/2025
KAB WONOGIRI,Oktober,5.9,2025,10/1/2025
KAB WONOGIRI,November,4.75,2025,11/1/2025
KAB WONOGIRI,Desember,4.69,2025,12/1/2025
KAB WONOGIRI,Januari,0.07,2026,1/1/2026
KAB WONOGIRI,Februari,4.17,2026,2/1/2026
KAB WONOGIRI,Maret,3.63,2026,3/1/2026
KAB WONOGIRI,April,1.97,2026,4/1/2026
KAB WONOGIRI,Mei,4.05,2026,5/1/2026
KAB WONOSOBO,Januari,9.83,2024,1/1/2024
KAB WONOSOBO,Februari,11.25,2024,2/1/2024
KAB WONOSOBO,Maret,13.35,2024,3/1/2024
KAB WONOSOBO,April,12.4,2024,4/1/2024
KAB WONOSOBO,Mei,8.31,2024,5/1/2024
KAB WONOSOBO,Juni,5.34,2024,6/1/2024
KAB WONOSOBO,Juli,4.1,2024,7/1/2024
KAB WONOSOBO,Agustus,2.17,2024,8/1/2024
KAB WONOSOBO,September,2.22,2024,9/1/2024
KAB WONOSOBO,Oktober,2.67,2024,10/1/2024
KAB WONOSOBO,November,0.23,2024,11/1/2024
KAB WONOSOBO,Desember,1.65,2024,12/1/2024
KAB WONOSOBO,Januari,4.25,2025,1/1/2025
KAB WONOSOBO,Februari,1.4,2025,2/1/2025
KAB WONOSOBO,Maret,0.89,2025,3/1/2025
KAB WONOSOBO,April,1,2025,4/1/2025
KAB WONOSOBO,Mei,-0.83,2025,5/1/2025
KAB WONOSOBO,Juni,1.52,2025,6/1/2025
KAB WONOSOBO,Juli,2.96,2025,7/1/2025
KAB WONOSOBO,Agustus,2.9,2025,8/1/2025
KAB WONOSOBO,September,3.63,2025,9/1/2025
KAB WONOSOBO,Oktober,4.22,2025,10/1/2025
KAB WONOSOBO,November,4.26,2025,11/1/2025
KAB WONOSOBO,Desember,3.5,2025,12/1/2025
KAB WONOSOBO,Januari,-1,2026,1/1/2026
KAB WONOSOBO,Februari,1.87,2026,2/1/2026
KAB WONOSOBO,Maret,2.24,2026,3/1/2026
KAB WONOSOBO,April,1,2026,4/1/2026
KAB WONOSOBO,Mei,3.74,2026,5/1/2026
KOTA AMBON,Januari,4.32,2024,1/1/2024
KOTA AMBON,Februari,4.4,2024,2/1/2024
KOTA AMBON,Maret,4.22,2024,3/1/2024
KOTA AMBON,April,4.93,2024,4/1/2024
KOTA AMBON,Mei,10.03,2024,5/1/2024
KOTA AMBON,Juni,10.6,2024,6/1/2024
KOTA AMBON,Juli,6.55,2024,7/1/2024
KOTA AMBON,Agustus,6.62,2024,8/1/2024
KOTA AMBON,September,2.22,2024,9/1/2024
KOTA AMBON,Oktober,1.11,2024,10/1/2024
KOTA AMBON,November,3.65,2024,11/1/2024
KOTA AMBON,Desember,1.81,2024,12/1/2024
KOTA AMBON,Januari,2.6,2025,1/1/2025
KOTA AMBON,Februari,4.26,2025,2/1/2025
KOTA AMBON,Maret,9.08,2025,3/1/2025
KOTA AMBON,April,8.13,2025,4/1/2025
KOTA AMBON,Mei,1.25,2025,5/1/2025
KOTA AMBON,Juni,1.03,2025,6/1/2025
KOTA AMBON,Juli,7.89,2025,7/1/2025
KOTA AMBON,Agustus,10.99,2025,8/1/2025
KOTA AMBON,September,8.68,2025,9/1/2025
KOTA AMBON,Oktober,8.26,2025,10/1/2025
KOTA AMBON,November,5.12,2025,11/1/2025
KOTA AMBON,Desember,8.55,2025,12/1/2025
KOTA AMBON,Januari,7.44,2026,1/1/2026
KOTA AMBON,Februari,5.85,2026,2/1/2026
KOTA AMBON,Maret,0.59,2026,3/1/2026
KOTA AMBON,April,2.65,2026,4/1/2026
KOTA AMBON,Mei,2.08,2026,5/1/2026
KOTA BALIKPAPAN,Januari,5.87,2024,1/1/2024
KOTA BALIKPAPAN,Februari,5.71,2024,2/1/2024
KOTA BALIKPAPAN,Maret,6.82,2024,3/1/2024
KOTA BALIKPAPAN,April,7.2,2024,4/1/2024
KOTA BALIKPAPAN,Mei,6.39,2024,5/1/2024
KOTA BALIKPAPAN,Juni,6.84,2024,6/1/2024
KOTA BALIKPAPAN,Juli,5.68,2024,7/1/2024
KOTA BALIKPAPAN,Agustus,5.67,2024,8/1/2024
KOTA BALIKPAPAN,September,6.24,2024,9/1/2024
KOTA BALIKPAPAN,Oktober,3.7,2024,10/1/2024
KOTA BALIKPAPAN,November,2.52,2024,11/1/2024
KOTA BALIKPAPAN,Desember,3.1,2024,12/1/2024
KOTA BALIKPAPAN,Januari,4.14,2025,1/1/2025
KOTA BALIKPAPAN,Februari,4.67,2025,2/1/2025
KOTA BALIKPAPAN,Maret,4.04,2025,3/1/2025
KOTA BALIKPAPAN,April,4.06,2025,4/1/2025
KOTA BALIKPAPAN,Mei,0.73,2025,5/1/2025
KOTA BALIKPAPAN,Juni,2.3,2025,6/1/2025
KOTA BALIKPAPAN,Juli,3.48,2025,7/1/2025
KOTA BALIKPAPAN,Agustus,3.6,2025,8/1/2025
KOTA BALIKPAPAN,September,1.99,2025,9/1/2025
KOTA BALIKPAPAN,Oktober,3.67,2025,10/1/2025
KOTA BALIKPAPAN,November,4.82,2025,11/1/2025
KOTA BALIKPAPAN,Desember,4.53,2025,12/1/2025
KOTA BALIKPAPAN,Januari,1.95,2026,1/1/2026
KOTA BALIKPAPAN,Februari,2.57,2026,2/1/2026
KOTA BALIKPAPAN,Maret,2.29,2026,3/1/2026
KOTA BALIKPAPAN,April,1.02,2026,4/1/2026
KOTA BALIKPAPAN,Mei,3.32,2026,5/1/2026
KOTA BANDA ACEH,Januari,4.65,2024,1/1/2024
KOTA BANDA ACEH,Februari,4.65,2024,2/1/2024
KOTA BANDA ACEH,Maret,7.14,2024,3/1/2024
KOTA BANDA ACEH,April,5.52,2024,4/1/2024
KOTA BANDA ACEH,Mei,6.58,2024,5/1/2024
KOTA BANDA ACEH,Juni,4.13,2024,6/1/2024
KOTA BANDA ACEH,Juli,0.4,2024,7/1/2024
KOTA BANDA ACEH,Agustus,1.71,2024,8/1/2024
KOTA BANDA ACEH,September,-0.05,2024,9/1/2024
KOTA BANDA ACEH,Oktober,1.49,2024,10/1/2024
KOTA BANDA ACEH,November,1.83,2024,11/1/2024
KOTA BANDA ACEH,Desember,1.93,2024,12/1/2024
KOTA BANDA ACEH,Januari,3.18,2025,1/1/2025
KOTA BANDA ACEH,Februari,0.61,2025,2/1/2025
KOTA BANDA ACEH,Maret,0.62,2025,3/1/2025
KOTA BANDA ACEH,April,4.11,2025,4/1/2025
KOTA BANDA ACEH,Mei,1.63,2025,5/1/2025
KOTA BANDA ACEH,Juni,1.65,2025,6/1/2025
KOTA BANDA ACEH,Juli,5.6,2025,7/1/2025
KOTA BANDA ACEH,Agustus,7.79,2025,8/1/2025
KOTA BANDA ACEH,September,9.54,2025,9/1/2025
KOTA BANDA ACEH,Oktober,9.21,2025,10/1/2025
KOTA BANDA ACEH,November,5.85,2025,11/1/2025
KOTA BANDA ACEH,Desember,13.57,2025,12/1/2025
KOTA BANDA ACEH,Januari,6.23,2026,1/1/2026
KOTA BANDA ACEH,Februari,7.86,2026,2/1/2026
KOTA BANDA ACEH,Maret,7.27,2026,3/1/2026
KOTA BANDA ACEH,April,4.22,2026,4/1/2026
KOTA BANDA ACEH,Mei,7.94,2026,5/1/2026
KOTA BANDAR LAMPUNG,Januari,5.1,2024,1/1/2024
KOTA BANDAR LAMPUNG,Februari,7.01,2024,2/1/2024
KOTA BANDAR LAMPUNG,Maret,7.23,2024,3/1/2024
KOTA BANDAR LAMPUNG,April,6.32,2024,4/1/2024
KOTA BANDAR LAMPUNG,Mei,5.84,2024,5/1/2024
KOTA BANDAR LAMPUNG,Juni,4.9,2024,6/1/2024
KOTA BANDAR LAMPUNG,Juli,4.35,2024,7/1/2024
KOTA BANDAR LAMPUNG,Agustus,3.1,2024,8/1/2024
KOTA BANDAR LAMPUNG,September,0.94,2024,9/1/2024
KOTA BANDAR LAMPUNG,Oktober,0.79,2024,10/1/2024
KOTA BANDAR LAMPUNG,November,-1.43,2024,11/1/2024
KOTA BANDAR LAMPUNG,Desember,-0.21,2024,12/1/2024
KOTA BANDAR LAMPUNG,Januari,2.84,2025,1/1/2025
KOTA BANDAR LAMPUNG,Februari,0.4,2025,2/1/2025
KOTA BANDAR LAMPUNG,Maret,1.99,2025,3/1/2025
KOTA BANDAR LAMPUNG,April,2.2,2025,4/1/2025
KOTA BANDAR LAMPUNG,Mei,0.52,2025,5/1/2025
KOTA BANDAR LAMPUNG,Juni,1.43,2025,6/1/2025
KOTA BANDAR LAMPUNG,Juli,2.41,2025,7/1/2025
KOTA BANDAR LAMPUNG,Agustus,1.07,2025,8/1/2025
KOTA BANDAR LAMPUNG,September,3.46,2025,9/1/2025
KOTA BANDAR LAMPUNG,Oktober,3.42,2025,10/1/2025
KOTA BANDAR LAMPUNG,November,3.28,2025,11/1/2025
KOTA BANDAR LAMPUNG,Desember,3.35,2025,12/1/2025
KOTA BANDAR LAMPUNG,Januari,1.25,2026,1/1/2026
KOTA BANDAR LAMPUNG,Februari,2.86,2026,2/1/2026
KOTA BANDAR LAMPUNG,Maret,1.63,2026,3/1/2026
KOTA BANDAR LAMPUNG,April,2.15,2026,4/1/2026
KOTA BANDAR LAMPUNG,Mei,6.2,2026,5/1/2026
KOTA BANDUNG,Januari,5.76,2024,1/1/2024
KOTA BANDUNG,Februari,6.46,2024,2/1/2024
KOTA BANDUNG,Maret,7.43,2024,3/1/2024
KOTA BANDUNG,April,6.52,2024,4/1/2024
KOTA BANDUNG,Mei,5.54,2024,5/1/2024
KOTA BANDUNG,Juni,4.66,2024,6/1/2024
KOTA BANDUNG,Juli,3.14,2024,7/1/2024
KOTA BANDUNG,Agustus,2.86,2024,8/1/2024
KOTA BANDUNG,September,1.45,2024,9/1/2024
KOTA BANDUNG,Oktober,1.91,2024,10/1/2024
KOTA BANDUNG,November,0.96,2024,11/1/2024
KOTA BANDUNG,Desember,1.18,2024,12/1/2024
KOTA BANDUNG,Januari,3.92,2025,1/1/2025
KOTA BANDUNG,Februari,1.92,2025,2/1/2025
KOTA BANDUNG,Maret,1.79,2025,3/1/2025
KOTA BANDUNG,April,0.9,2025,4/1/2025
KOTA BANDUNG,Mei,-0.24,2025,5/1/2025
KOTA BANDUNG,Juni,0.97,2025,6/1/2025
KOTA BANDUNG,Juli,2.13,2025,7/1/2025
KOTA BANDUNG,Agustus,1.76,2025,8/1/2025
KOTA BANDUNG,September,3.73,2025,9/1/2025
KOTA BANDUNG,Oktober,4.48,2025,10/1/2025
KOTA BANDUNG,November,4.3,2025,11/1/2025
KOTA BANDUNG,Desember,4.6,2025,12/1/2025
KOTA BANDUNG,Januari,0.83,2026,1/1/2026
KOTA BANDUNG,Februari,3.48,2026,2/1/2026
KOTA BANDUNG,Maret,3.45,2026,3/1/2026
KOTA BANDUNG,April,4.22,2026,4/1/2026
KOTA BANDUNG,Mei,6.6,2026,5/1/2026
KOTA BANJARMASIN,Januari,2.34,2024,1/1/2024
KOTA BANJARMASIN,Februari,2.77,2024,2/1/2024
KOTA BANJARMASIN,Maret,4.4,2024,3/1/2024
KOTA BANJARMASIN,April,3.82,2024,4/1/2024
KOTA BANJARMASIN,Mei,2.97,2024,5/1/2024
KOTA BANJARMASIN,Juni,2.2,2024,6/1/2024
KOTA BANJARMASIN,Juli,2.02,2024,7/1/2024
KOTA BANJARMASIN,Agustus,1.06,2024,8/1/2024
KOTA BANJARMASIN,September,1.01,2024,9/1/2024
KOTA BANJARMASIN,Oktober,-0.03,2024,10/1/2024
KOTA BANJARMASIN,November,-0.14,2024,11/1/2024
KOTA BANJARMASIN,Desember,-0.05,2024,12/1/2024
KOTA BANJARMASIN,Januari,1.11,2025,1/1/2025
KOTA BANJARMASIN,Februari,0.82,2025,2/1/2025
KOTA BANJARMASIN,Maret,-0.76,2025,3/1/2025
KOTA BANJARMASIN,April,-1.05,2025,4/1/2025
KOTA BANJARMASIN,Mei,-1.94,2025,5/1/2025
KOTA BANJARMASIN,Juni,0.32,2025,6/1/2025
KOTA BANJARMASIN,Juli,0.95,2025,7/1/2025
KOTA BANJARMASIN,Agustus,1.64,2025,8/1/2025
KOTA BANJARMASIN,September,2.2,2025,9/1/2025
KOTA BANJARMASIN,Oktober,2.73,2025,10/1/2025
KOTA BANJARMASIN,November,2.86,2025,11/1/2025
KOTA BANJARMASIN,Desember,3.77,2025,12/1/2025
KOTA BANJARMASIN,Januari,2.09,2026,1/1/2026
KOTA BANJARMASIN,Februari,3.21,2026,2/1/2026
KOTA BANJARMASIN,Maret,4.48,2026,3/1/2026
KOTA BANJARMASIN,April,3.66,2026,4/1/2026
KOTA BANJARMASIN,Mei,4.27,2026,5/1/2026
KOTA BATAM,Januari,7.52,2024,1/1/2024
KOTA BATAM,Februari,4.11,2024,2/1/2024
KOTA BATAM,Maret,7.33,2024,3/1/2024
KOTA BATAM,April,6.38,2024,4/1/2024
KOTA BATAM,Mei,8.3,2024,5/1/2024
KOTA BATAM,Juni,7.36,2024,6/1/2024
KOTA BATAM,Juli,5.08,2024,7/1/2024
KOTA BATAM,Agustus,3.16,2024,8/1/2024
KOTA BATAM,September,3.42,2024,9/1/2024
KOTA BATAM,Oktober,2.39,2024,10/1/2024
KOTA BATAM,November,0.68,2024,11/1/2024
KOTA BATAM,Desember,1.92,2024,12/1/2024
KOTA BATAM,Januari,3.59,2025,1/1/2025
KOTA BATAM,Februari,3.68,2025,2/1/2025
KOTA BATAM,Maret,2.3,2025,3/1/2025
KOTA BATAM,April,4.09,2025,4/1/2025
KOTA BATAM,Mei,-0.12,2025,5/1/2025
KOTA BATAM,Juni,-1.24,2025,6/1/2025
KOTA BATAM,Juli,0.85,2025,7/1/2025
KOTA BATAM,Agustus,2.86,2025,8/1/2025
KOTA BATAM,September,4.87,2025,9/1/2025
KOTA BATAM,Oktober,5.42,2025,10/1/2025
KOTA BATAM,November,4.25,2025,11/1/2025
KOTA BATAM,Desember,5.33,2025,12/1/2025
KOTA BATAM,Januari,0.82,2026,1/1/2026
KOTA BATAM,Februari,2.13,2026,2/1/2026
KOTA BATAM,Maret,2.78,2026,3/1/2026
KOTA BATAM,April,2.15,2026,4/1/2026
KOTA BATAM,Mei,5.75,2026,5/1/2026
KOTA BAU BAU,Januari,12.18,2024,1/1/2024
KOTA BAU BAU,Februari,10.71,2024,2/1/2024
KOTA BAU BAU,Maret,7.02,2024,3/1/2024
KOTA BAU BAU,April,8.12,2024,4/1/2024
KOTA BAU BAU,Mei,6.6,2024,5/1/2024
KOTA BAU BAU,Juni,7.29,2024,6/1/2024
KOTA BAU BAU,Juli,3.09,2024,7/1/2024
KOTA BAU BAU,Agustus,3.42,2024,8/1/2024
KOTA BAU BAU,September,-0.43,2024,9/1/2024
KOTA BAU BAU,Oktober,-0.03,2024,10/1/2024
KOTA BAU BAU,November,1.46,2024,11/1/2024
KOTA BAU BAU,Desember,3.38,2024,12/1/2024
KOTA BAU BAU,Januari,-1.47,2025,1/1/2025
KOTA BAU BAU,Februari,1.51,2025,2/1/2025
KOTA BAU BAU,Maret,8.7,2025,3/1/2025
KOTA BAU BAU,April,6.88,2025,4/1/2025
KOTA BAU BAU,Mei,2.45,2025,5/1/2025
KOTA BAU BAU,Juni,7.84,2025,6/1/2025
KOTA BAU BAU,Juli,15.14,2025,7/1/2025
KOTA BAU BAU,Agustus,12.65,2025,8/1/2025
KOTA BAU BAU,September,14.59,2025,9/1/2025
KOTA BAU BAU,Oktober,10.2,2025,10/1/2025
KOTA BAU BAU,November,9.72,2025,11/1/2025
KOTA BAU BAU,Desember,2.37,2025,12/1/2025
KOTA BAU BAU,Januari,7.51,2026,1/1/2026
KOTA BAU BAU,Februari,10.43,2026,2/1/2026
KOTA BAU BAU,Maret,3.97,2026,3/1/2026
KOTA BAU BAU,April,3.75,2026,4/1/2026
KOTA BAU BAU,Mei,8.4,2026,5/1/2026
KOTA BEKASI,Januari,6.8,2024,1/1/2024
KOTA BEKASI,Februari,8.3,2024,2/1/2024
KOTA BEKASI,Maret,10.7,2024,3/1/2024
KOTA BEKASI,April,8.99,2024,4/1/2024
KOTA BEKASI,Mei,8.08,2024,5/1/2024
KOTA BEKASI,Juni,7.78,2024,6/1/2024
KOTA BEKASI,Juli,7.32,2024,7/1/2024
KOTA BEKASI,Agustus,6.66,2024,8/1/2024
KOTA BEKASI,September,4.81,2024,9/1/2024
KOTA BEKASI,Oktober,3.05,2024,10/1/2024
KOTA BEKASI,November,1.24,2024,11/1/2024
KOTA BEKASI,Desember,1.15,2024,12/1/2024
KOTA BEKASI,Januari,3.84,2025,1/1/2025
KOTA BEKASI,Februari,1.08,2025,2/1/2025
KOTA BEKASI,Maret,-0.05,2025,3/1/2025
KOTA BEKASI,April,0.79,2025,4/1/2025
KOTA BEKASI,Mei,-0.75,2025,5/1/2025
KOTA BEKASI,Juni,0.62,2025,6/1/2025
KOTA BEKASI,Juli,1.42,2025,7/1/2025
KOTA BEKASI,Agustus,0.9,2025,8/1/2025
KOTA BEKASI,September,3.07,2025,9/1/2025
KOTA BEKASI,Oktober,5.31,2025,10/1/2025
KOTA BEKASI,November,5.28,2025,11/1/2025
KOTA BEKASI,Desember,4.97,2025,12/1/2025
KOTA BEKASI,Januari,0.43,2026,1/1/2026
KOTA BEKASI,Februari,3.6,2026,2/1/2026
KOTA BEKASI,Maret,3.35,2026,3/1/2026
KOTA BEKASI,April,3.22,2026,4/1/2026
KOTA BEKASI,Mei,6.01,2026,5/1/2026
KOTA BENGKULU,Januari,6.24,2024,1/1/2024
KOTA BENGKULU,Februari,8.9,2024,2/1/2024
KOTA BENGKULU,Maret,8.99,2024,3/1/2024
KOTA BENGKULU,April,9.68,2024,4/1/2024
KOTA BENGKULU,Mei,9.2,2024,5/1/2024
KOTA BENGKULU,Juni,7.86,2024,6/1/2024
KOTA BENGKULU,Juli,4.45,2024,7/1/2024
KOTA BENGKULU,Agustus,4.77,2024,8/1/2024
KOTA BENGKULU,September,2.61,2024,9/1/2024
KOTA BENGKULU,Oktober,1.04,2024,10/1/2024
KOTA BENGKULU,November,-0.84,2024,11/1/2024
KOTA BENGKULU,Desember,-0.36,2024,12/1/2024
KOTA BENGKULU,Januari,2.32,2025,1/1/2025
KOTA BENGKULU,Februari,-0.35,2025,2/1/2025
KOTA BENGKULU,Maret,-1.05,2025,3/1/2025
KOTA BENGKULU,April,-0.91,2025,4/1/2025
KOTA BENGKULU,Mei,-1.73,2025,5/1/2025
KOTA BENGKULU,Juni,-1.48,2025,6/1/2025
KOTA BENGKULU,Juli,1.65,2025,7/1/2025
KOTA BENGKULU,Agustus,3.13,2025,8/1/2025
KOTA BENGKULU,September,6.95,2025,9/1/2025
KOTA BENGKULU,Oktober,7.57,2025,10/1/2025
KOTA BENGKULU,November,7.15,2025,11/1/2025
KOTA BENGKULU,Desember,7.57,2025,12/1/2025
KOTA BENGKULU,Januari,1.2,2026,1/1/2026
KOTA BENGKULU,Februari,3.57,2026,2/1/2026
KOTA BENGKULU,Maret,3.51,2026,3/1/2026
KOTA BENGKULU,April,2.9,2026,4/1/2026
KOTA BENGKULU,Mei,6.4,2026,5/1/2026
KOTA BIMA,Januari,5.01,2024,1/1/2024
KOTA BIMA,Februari,4.66,2024,2/1/2024
KOTA BIMA,Maret,7.31,2024,3/1/2024
KOTA BIMA,April,6.48,2024,4/1/2024
KOTA BIMA,Mei,5.38,2024,5/1/2024
KOTA BIMA,Juni,3.5,2024,6/1/2024
KOTA BIMA,Juli,2.6,2024,7/1/2024
KOTA BIMA,Agustus,2.98,2024,8/1/2024
KOTA BIMA,September,1.16,2024,9/1/2024
KOTA BIMA,Oktober,1.09,2024,10/1/2024
KOTA BIMA,November,1.17,2024,11/1/2024
KOTA BIMA,Desember,0.47,2024,12/1/2024
KOTA BIMA,Januari,0.67,2025,1/1/2025
KOTA BIMA,Februari,-1.24,2025,2/1/2025
KOTA BIMA,Maret,-1.14,2025,3/1/2025
KOTA BIMA,April,-1.22,2025,4/1/2025
KOTA BIMA,Mei,-2.22,2025,5/1/2025
KOTA BIMA,Juni,0.26,2025,6/1/2025
KOTA BIMA,Juli,2.68,2025,7/1/2025
KOTA BIMA,Agustus,0.85,2025,8/1/2025
KOTA BIMA,September,0.16,2025,9/1/2025
KOTA BIMA,Oktober,0.75,2025,10/1/2025
KOTA BIMA,November,0.63,2025,11/1/2025
KOTA BIMA,Desember,1.25,2025,12/1/2025
KOTA BIMA,Januari,1.74,2026,1/1/2026
KOTA BIMA,Februari,4.88,2026,2/1/2026
KOTA BIMA,Maret,5.08,2026,3/1/2026
KOTA BIMA,April,4.48,2026,4/1/2026
KOTA BIMA,Mei,7.26,2026,5/1/2026
KOTA BOGOR,Januari,5.76,2024,1/1/2024
KOTA BOGOR,Februari,7.27,2024,2/1/2024
KOTA BOGOR,Maret,8.9,2024,3/1/2024
KOTA BOGOR,April,8.27,2024,4/1/2024
KOTA BOGOR,Mei,6.3,2024,5/1/2024
KOTA BOGOR,Juni,4.53,2024,6/1/2024
KOTA BOGOR,Juli,2.82,2024,7/1/2024
KOTA BOGOR,Agustus,2.77,2024,8/1/2024
KOTA BOGOR,September,1.87,2024,9/1/2024
KOTA BOGOR,Oktober,1.93,2024,10/1/2024
KOTA BOGOR,November,0.24,2024,11/1/2024
KOTA BOGOR,Desember,1.32,2024,12/1/2024
KOTA BOGOR,Januari,4.4,2025,1/1/2025
KOTA BOGOR,Februari,0.72,2025,2/1/2025
KOTA BOGOR,Maret,0.75,2025,3/1/2025
KOTA BOGOR,April,0.14,2025,4/1/2025
KOTA BOGOR,Mei,-0.97,2025,5/1/2025
KOTA BOGOR,Juni,1.13,2025,6/1/2025
KOTA BOGOR,Juli,3.06,2025,7/1/2025
KOTA BOGOR,Agustus,3.28,2025,8/1/2025
KOTA BOGOR,September,4.96,2025,9/1/2025
KOTA BOGOR,Oktober,5.71,2025,10/1/2025
KOTA BOGOR,November,5.02,2025,11/1/2025
KOTA BOGOR,Desember,4.18,2025,12/1/2025
KOTA BOGOR,Januari,-0.54,2026,1/1/2026
KOTA BOGOR,Februari,3.58,2026,2/1/2026
KOTA BOGOR,Maret,3.38,2026,3/1/2026
KOTA BOGOR,April,3.42,2026,4/1/2026
KOTA BOGOR,Mei,6.08,2026,5/1/2026
KOTA BUKITTINGGI,Januari,1.6,2024,1/1/2024
KOTA BUKITTINGGI,Februari,4.83,2024,2/1/2024
KOTA BUKITTINGGI,Maret,9.12,2024,3/1/2024
KOTA BUKITTINGGI,April,9.5,2024,4/1/2024
KOTA BUKITTINGGI,Mei,9.54,2024,5/1/2024
KOTA BUKITTINGGI,Juni,9.7,2024,6/1/2024
KOTA BUKITTINGGI,Juli,6.07,2024,7/1/2024
KOTA BUKITTINGGI,Agustus,5.19,2024,8/1/2024
KOTA BUKITTINGGI,September,2.1,2024,9/1/2024
KOTA BUKITTINGGI,Oktober,2.59,2024,10/1/2024
KOTA BUKITTINGGI,November,0.09,2024,11/1/2024
KOTA BUKITTINGGI,Desember,0.94,2024,12/1/2024
KOTA BUKITTINGGI,Januari,5.7,2025,1/1/2025
KOTA BUKITTINGGI,Februari,1.53,2025,2/1/2025
KOTA BUKITTINGGI,Maret,-1.36,2025,3/1/2025
KOTA BUKITTINGGI,April,1.49,2025,4/1/2025
KOTA BUKITTINGGI,Mei,-1.94,2025,5/1/2025
KOTA BUKITTINGGI,Juni,-3.72,2025,6/1/2025
KOTA BUKITTINGGI,Juli,0.65,2025,7/1/2025
KOTA BUKITTINGGI,Agustus,3.69,2025,8/1/2025
KOTA BUKITTINGGI,September,8.94,2025,9/1/2025
KOTA BUKITTINGGI,Oktober,8.81,2025,10/1/2025
KOTA BUKITTINGGI,November,6.93,2025,11/1/2025
KOTA BUKITTINGGI,Desember,9.1,2025,12/1/2025
KOTA BUKITTINGGI,Januari,2.43,2026,1/1/2026
KOTA BUKITTINGGI,Februari,4.45,2026,2/1/2026
KOTA BUKITTINGGI,Maret,4.69,2026,3/1/2026
KOTA BUKITTINGGI,April,1.88,2026,4/1/2026
KOTA BUKITTINGGI,Mei,5.15,2026,5/1/2026
KOTA CILEGON,Januari,4.82,2024,1/1/2024
KOTA CILEGON,Februari,6.92,2024,2/1/2024
KOTA CILEGON,Maret,7.47,2024,3/1/2024
KOTA CILEGON,April,7.71,2024,4/1/2024
KOTA CILEGON,Mei,6.3,2024,5/1/2024
KOTA CILEGON,Juni,3.91,2024,6/1/2024
KOTA CILEGON,Juli,2.35,2024,7/1/2024
KOTA CILEGON,Agustus,2.36,2024,8/1/2024
KOTA CILEGON,September,0.47,2024,9/1/2024
KOTA CILEGON,Oktober,1.01,2024,10/1/2024
KOTA CILEGON,November,-0.41,2024,11/1/2024
KOTA CILEGON,Desember,-0.68,2024,12/1/2024
KOTA CILEGON,Januari,2.17,2025,1/1/2025
KOTA CILEGON,Februari,-0.72,2025,2/1/2025
KOTA CILEGON,Maret,-0.25,2025,3/1/2025
KOTA CILEGON,April,-0.61,2025,4/1/2025
KOTA CILEGON,Mei,-2.41,2025,5/1/2025
KOTA CILEGON,Juni,0,2025,6/1/2025
KOTA CILEGON,Juli,2.05,2025,7/1/2025
KOTA CILEGON,Agustus,1.94,2025,8/1/2025
KOTA CILEGON,September,3.72,2025,9/1/2025
KOTA CILEGON,Oktober,3.92,2025,10/1/2025
KOTA CILEGON,November,3.6,2025,11/1/2025
KOTA CILEGON,Desember,3.76,2025,12/1/2025
KOTA CILEGON,Januari,0.4,2026,1/1/2026
KOTA CILEGON,Februari,3.48,2026,2/1/2026
KOTA CILEGON,Maret,2.55,2026,3/1/2026
KOTA CILEGON,April,3.26,2026,4/1/2026
KOTA CILEGON,Mei,6.75,2026,5/1/2026
KOTA CIREBON,Januari,4.33,2024,1/1/2024
KOTA CIREBON,Februari,5.96,2024,2/1/2024
KOTA CIREBON,Maret,7.79,2024,3/1/2024
KOTA CIREBON,April,6.78,2024,4/1/2024
KOTA CIREBON,Mei,4.28,2024,5/1/2024
KOTA CIREBON,Juni,2.27,2024,6/1/2024
KOTA CIREBON,Juli,1.05,2024,7/1/2024
KOTA CIREBON,Agustus,1.18,2024,8/1/2024
KOTA CIREBON,September,-0.55,2024,9/1/2024
KOTA CIREBON,Oktober,-0.01,2024,10/1/2024
KOTA CIREBON,November,-0.14,2024,11/1/2024
KOTA CIREBON,Desember,0.45,2024,12/1/2024
KOTA CIREBON,Januari,2.05,2025,1/1/2025
KOTA CIREBON,Februari,-0.4,2025,2/1/2025
KOTA CIREBON,Maret,0.23,2025,3/1/2025
KOTA CIREBON,April,-1.83,2025,4/1/2025
KOTA CIREBON,Mei,-1.28,2025,5/1/2025
KOTA CIREBON,Juni,1.44,2025,6/1/2025
KOTA CIREBON,Juli,3.94,2025,7/1/2025
KOTA CIREBON,Agustus,3.14,2025,8/1/2025
KOTA CIREBON,September,4.84,2025,9/1/2025
KOTA CIREBON,Oktober,5.28,2025,10/1/2025
KOTA CIREBON,November,5.05,2025,11/1/2025
KOTA CIREBON,Desember,4.99,2025,12/1/2025
KOTA CIREBON,Januari,1.5,2026,1/1/2026
KOTA CIREBON,Februari,5.14,2026,2/1/2026
KOTA CIREBON,Maret,4.68,2026,3/1/2026
KOTA CIREBON,April,5.73,2026,4/1/2026
KOTA CIREBON,Mei,7.39,2026,5/1/2026
KOTA DENPASAR,Januari,4.48,2024,1/1/2024
KOTA DENPASAR,Februari,6.87,2024,2/1/2024
KOTA DENPASAR,Maret,8.27,2024,3/1/2024
KOTA DENPASAR,April,9.26,2024,4/1/2024
KOTA DENPASAR,Mei,6.11,2024,5/1/2024
KOTA DENPASAR,Juni,4.26,2024,6/1/2024
KOTA DENPASAR,Juli,3.69,2024,7/1/2024
KOTA DENPASAR,Agustus,2.55,2024,8/1/2024
KOTA DENPASAR,September,2.07,2024,9/1/2024
KOTA DENPASAR,Oktober,2.56,2024,10/1/2024
KOTA DENPASAR,November,1.65,2024,11/1/2024
KOTA DENPASAR,Desember,1.55,2024,12/1/2024
KOTA DENPASAR,Januari,6.58,2025,1/1/2025
KOTA DENPASAR,Februari,4.04,2025,2/1/2025
KOTA DENPASAR,Maret,3.17,2025,3/1/2025
KOTA DENPASAR,April,1.11,2025,4/1/2025
KOTA DENPASAR,Mei,0.29,2025,5/1/2025
KOTA DENPASAR,Juni,3.82,2025,6/1/2025
KOTA DENPASAR,Juli,5.19,2025,7/1/2025
KOTA DENPASAR,Agustus,4.59,2025,8/1/2025
KOTA DENPASAR,September,6.59,2025,9/1/2025
KOTA DENPASAR,Oktober,5.38,2025,10/1/2025
KOTA DENPASAR,November,4.77,2025,11/1/2025
KOTA DENPASAR,Desember,5.66,2025,12/1/2025
KOTA DENPASAR,Januari,0.39,2026,1/1/2026
KOTA DENPASAR,Februari,2.47,2026,2/1/2026
KOTA DENPASAR,Maret,2.53,2026,3/1/2026
KOTA DENPASAR,April,2.77,2026,4/1/2026
KOTA DENPASAR,Mei,5.64,2026,5/1/2026
KOTA DEPOK,Januari,4.87,2024,1/1/2024
KOTA DEPOK,Februari,5.48,2024,2/1/2024
KOTA DEPOK,Maret,7.2,2024,3/1/2024
KOTA DEPOK,April,6.04,2024,4/1/2024
KOTA DEPOK,Mei,4.5,2024,5/1/2024
KOTA DEPOK,Juni,3.56,2024,6/1/2024
KOTA DEPOK,Juli,2.27,2024,7/1/2024
KOTA DEPOK,Agustus,1.89,2024,8/1/2024
KOTA DEPOK,September,1.38,2024,9/1/2024
KOTA DEPOK,Oktober,0.75,2024,10/1/2024
KOTA DEPOK,November,0.36,2024,11/1/2024
KOTA DEPOK,Desember,0.52,2024,12/1/2024
KOTA DEPOK,Januari,2.18,2025,1/1/2025
KOTA DEPOK,Februari,-0.84,2025,2/1/2025
KOTA DEPOK,Maret,-0.47,2025,3/1/2025
KOTA DEPOK,April,0.22,2025,4/1/2025
KOTA DEPOK,Mei,-0.26,2025,5/1/2025
KOTA DEPOK,Juni,1.36,2025,6/1/2025
KOTA DEPOK,Juli,2.72,2025,7/1/2025
KOTA DEPOK,Agustus,2.35,2025,8/1/2025
KOTA DEPOK,September,3.36,2025,9/1/2025
KOTA DEPOK,Oktober,4.23,2025,10/1/2025
KOTA DEPOK,November,3.57,2025,11/1/2025
KOTA DEPOK,Desember,3.47,2025,12/1/2025
KOTA DEPOK,Januari,0.37,2026,1/1/2026
KOTA DEPOK,Februari,3.51,2026,2/1/2026
KOTA DEPOK,Maret,3.36,2026,3/1/2026
KOTA DEPOK,April,3.85,2026,4/1/2026
KOTA DEPOK,Mei,5.85,2026,5/1/2026
KOTA DUMAI,Januari,1.4,2024,1/1/2024
KOTA DUMAI,Februari,4.02,2024,2/1/2024
KOTA DUMAI,Maret,8.08,2024,3/1/2024
KOTA DUMAI,April,7.75,2024,4/1/2024
KOTA DUMAI,Mei,9.22,2024,5/1/2024
KOTA DUMAI,Juni,7.91,2024,6/1/2024
KOTA DUMAI,Juli,3.13,2024,7/1/2024
KOTA DUMAI,Agustus,3.01,2024,8/1/2024
KOTA DUMAI,September,0.55,2024,9/1/2024
KOTA DUMAI,Oktober,1.64,2024,10/1/2024
KOTA DUMAI,November,0.24,2024,11/1/2024
KOTA DUMAI,Desember,3.04,2024,12/1/2024
KOTA DUMAI,Januari,5.85,2025,1/1/2025
KOTA DUMAI,Februari,2.91,2025,2/1/2025
KOTA DUMAI,Maret,-0.21,2025,3/1/2025
KOTA DUMAI,April,4,2025,4/1/2025
KOTA DUMAI,Mei,-1.62,2025,5/1/2025
KOTA DUMAI,Juni,-1.81,2025,6/1/2025
KOTA DUMAI,Juli,3.44,2025,7/1/2025
KOTA DUMAI,Agustus,8,2025,8/1/2025
KOTA DUMAI,September,13.58,2025,9/1/2025
KOTA DUMAI,Oktober,13.25,2025,10/1/2025
KOTA DUMAI,November,8.85,2025,11/1/2025
KOTA DUMAI,Desember,9.45,2025,12/1/2025
KOTA DUMAI,Januari,2.75,2026,1/1/2026
KOTA DUMAI,Februari,5.06,2026,2/1/2026
KOTA DUMAI,Maret,4.37,2026,3/1/2026
KOTA DUMAI,April,1.78,2026,4/1/2026
KOTA DUMAI,Mei,5.98,2026,5/1/2026
KOTA GORONTALO,Januari,5.06,2024,1/1/2024
KOTA GORONTALO,Februari,1.5,2024,2/1/2024
KOTA GORONTALO,Maret,4.33,2024,3/1/2024
KOTA GORONTALO,April,7.32,2024,4/1/2024
KOTA GORONTALO,Mei,7.54,2024,5/1/2024
KOTA GORONTALO,Juni,4.57,2024,6/1/2024
KOTA GORONTALO,Juli,1.53,2024,7/1/2024
KOTA GORONTALO,Agustus,1.48,2024,8/1/2024
KOTA GORONTALO,September,4.88,2024,9/1/2024
KOTA GORONTALO,Oktober,-1.47,2024,10/1/2024
KOTA GORONTALO,November,-4.66,2024,11/1/2024
KOTA GORONTALO,Desember,-8.56,2024,12/1/2024
KOTA GORONTALO,Januari,-2.47,2025,1/1/2025
KOTA GORONTALO,Februari,2.69,2025,2/1/2025
KOTA GORONTALO,Maret,2.87,2025,3/1/2025
KOTA GORONTALO,April,1.7,2025,4/1/2025
KOTA GORONTALO,Mei,-2.47,2025,5/1/2025
KOTA GORONTALO,Juni,-0.31,2025,6/1/2025
KOTA GORONTALO,Juli,6.57,2025,7/1/2025
KOTA GORONTALO,Agustus,5.9,2025,8/1/2025
KOTA GORONTALO,September,3.71,2025,9/1/2025
KOTA GORONTALO,Oktober,2.76,2025,10/1/2025
KOTA GORONTALO,November,2.24,2025,11/1/2025
KOTA GORONTALO,Desember,4.27,2025,12/1/2025
KOTA GORONTALO,Januari,1.74,2026,1/1/2026
KOTA GORONTALO,Februari,3.24,2026,2/1/2026
KOTA GORONTALO,Maret,1.33,2026,3/1/2026
KOTA GORONTALO,April,2.69,2026,4/1/2026
KOTA GORONTALO,Mei,2.82,2026,5/1/2026
KOTA GUNUNGSITOLI,Januari,-0.64,2024,1/1/2024
KOTA GUNUNGSITOLI,Februari,3.72,2024,2/1/2024
KOTA GUNUNGSITOLI,Maret,6.56,2024,3/1/2024
KOTA GUNUNGSITOLI,April,6.68,2024,4/1/2024
KOTA GUNUNGSITOLI,Mei,6.06,2024,5/1/2024
KOTA GUNUNGSITOLI,Juni,6.27,2024,6/1/2024
KOTA GUNUNGSITOLI,Juli,2.8,2024,7/1/2024
KOTA GUNUNGSITOLI,Agustus,4.08,2024,8/1/2024
KOTA GUNUNGSITOLI,September,3.45,2024,9/1/2024
KOTA GUNUNGSITOLI,Oktober,3.22,2024,10/1/2024
KOTA GUNUNGSITOLI,November,1.48,2024,11/1/2024
KOTA GUNUNGSITOLI,Desember,4.1,2024,12/1/2024
KOTA GUNUNGSITOLI,Januari,5.75,2025,1/1/2025
KOTA GUNUNGSITOLI,Februari,1.74,2025,2/1/2025
KOTA GUNUNGSITOLI,Maret,-0.44,2025,3/1/2025
KOTA GUNUNGSITOLI,April,1.66,2025,4/1/2025
KOTA GUNUNGSITOLI,Mei,0.44,2025,5/1/2025
KOTA GUNUNGSITOLI,Juni,-1.09,2025,6/1/2025
KOTA GUNUNGSITOLI,Juli,0.99,2025,7/1/2025
KOTA GUNUNGSITOLI,Agustus,3.67,2025,8/1/2025
KOTA GUNUNGSITOLI,September,6.19,2025,9/1/2025
KOTA GUNUNGSITOLI,Oktober,5.21,2025,10/1/2025
KOTA GUNUNGSITOLI,November,5.44,2025,11/1/2025
KOTA GUNUNGSITOLI,Desember,20.29,2025,12/1/2025
KOTA GUNUNGSITOLI,Januari,8.1,2026,1/1/2026
KOTA GUNUNGSITOLI,Februari,6.53,2026,2/1/2026
KOTA GUNUNGSITOLI,Maret,6.44,2026,3/1/2026
KOTA GUNUNGSITOLI,April,4.24,2026,4/1/2026
KOTA GUNUNGSITOLI,Mei,6.66,2026,5/1/2026
KOTA JAKARTA,Januari,5.72,2024,1/1/2024
KOTA JAKARTA,Februari,6.86,2024,2/1/2024
KOTA JAKARTA,Maret,8.1,2024,3/1/2024
KOTA JAKARTA,April,7.26,2024,4/1/2024
KOTA JAKARTA,Mei,5.66,2024,5/1/2024
KOTA JAKARTA,Juni,5.23,2024,6/1/2024
KOTA JAKARTA,Juli,3.52,2024,7/1/2024
KOTA JAKARTA,Agustus,3.42,2024,8/1/2024
KOTA JAKARTA,September,1.92,2024,9/1/2024
KOTA JAKARTA,Oktober,2,2024,10/1/2024
KOTA JAKARTA,November,1.45,2024,11/1/2024
KOTA JAKARTA,Desember,1.2,2024,12/1/2024
KOTA JAKARTA,Januari,3.4,2025,1/1/2025
KOTA JAKARTA,Februari,1.07,2025,2/1/2025
KOTA JAKARTA,Maret,1.57,2025,3/1/2025
KOTA JAKARTA,April,2.05,2025,4/1/2025
KOTA JAKARTA,Mei,1.61,2025,5/1/2025
KOTA JAKARTA,Juni,2.33,2025,6/1/2025
KOTA JAKARTA,Juli,4.08,2025,7/1/2025
KOTA JAKARTA,Agustus,3.7,2025,8/1/2025
KOTA JAKARTA,September,4.96,2025,9/1/2025
KOTA JAKARTA,Oktober,5.36,2025,10/1/2025
KOTA JAKARTA,November,4.5,2025,11/1/2025
KOTA JAKARTA,Desember,4.17,2025,12/1/2025
KOTA JAKARTA,Januari,0.02,2026,1/1/2026
KOTA JAKARTA,Februari,3.6,2026,2/1/2026
KOTA JAKARTA,Maret,3.29,2026,3/1/2026
KOTA JAKARTA,April,2.53,2026,4/1/2026
KOTA JAKARTA,Mei,4.64,2026,5/1/2026
KOTA JAMBI,Januari,6.43,2024,1/1/2024
KOTA JAMBI,Februari,8.62,2024,2/1/2024
KOTA JAMBI,Maret,9.83,2024,3/1/2024
KOTA JAMBI,April,9.43,2024,4/1/2024
KOTA JAMBI,Mei,10.18,2024,5/1/2024
KOTA JAMBI,Juni,7.85,2024,6/1/2024
KOTA JAMBI,Juli,3,2024,7/1/2024
KOTA JAMBI,Agustus,4.12,2024,8/1/2024
KOTA JAMBI,September,2.59,2024,9/1/2024
KOTA JAMBI,Oktober,1.9,2024,10/1/2024
KOTA JAMBI,November,0.84,2024,11/1/2024
KOTA JAMBI,Desember,2.05,2024,12/1/2024
KOTA JAMBI,Januari,2.6,2025,1/1/2025
KOTA JAMBI,Februari,0.81,2025,2/1/2025
KOTA JAMBI,Maret,0.09,2025,3/1/2025
KOTA JAMBI,April,2.35,2025,4/1/2025
KOTA JAMBI,Mei,-1.56,2025,5/1/2025
KOTA JAMBI,Juni,-1.35,2025,6/1/2025
KOTA JAMBI,Juli,3.94,2025,7/1/2025
KOTA JAMBI,Agustus,5.74,2025,8/1/2025
KOTA JAMBI,September,8.86,2025,9/1/2025
KOTA JAMBI,Oktober,6.21,2025,10/1/2025
KOTA JAMBI,November,5.83,2025,11/1/2025
KOTA JAMBI,Desember,5.77,2025,12/1/2025
KOTA JAMBI,Januari,0.6,2026,1/1/2026
KOTA JAMBI,Februari,2.21,2026,2/1/2026
KOTA JAMBI,Maret,2.29,2026,3/1/2026
KOTA JAMBI,April,1.08,2026,4/1/2026
KOTA JAMBI,Mei,6.27,2026,5/1/2026
KOTA JAYAPURA,Januari,0.46,2024,1/1/2024
KOTA JAYAPURA,Februari,2.7,2024,2/1/2024
KOTA JAYAPURA,Maret,2.27,2024,3/1/2024
KOTA JAYAPURA,April,2.34,2024,4/1/2024
KOTA JAYAPURA,Mei,3.45,2024,5/1/2024
KOTA JAYAPURA,Juni,2.69,2024,6/1/2024
KOTA JAYAPURA,Juli,1.8,2024,7/1/2024
KOTA JAYAPURA,Agustus,2.56,2024,8/1/2024
KOTA JAYAPURA,September,1.87,2024,9/1/2024
KOTA JAYAPURA,Oktober,1.84,2024,10/1/2024
KOTA JAYAPURA,November,6.12,2024,11/1/2024
KOTA JAYAPURA,Desember,3.93,2024,12/1/2024
KOTA JAYAPURA,Januari,6.37,2025,1/1/2025
KOTA JAYAPURA,Februari,9.31,2025,2/1/2025
KOTA JAYAPURA,Maret,6.95,2025,3/1/2025
KOTA JAYAPURA,April,4.19,2025,4/1/2025
KOTA JAYAPURA,Mei,1.95,2025,5/1/2025
KOTA JAYAPURA,Juni,0.4,2025,6/1/2025
KOTA JAYAPURA,Juli,3.21,2025,7/1/2025
KOTA JAYAPURA,Agustus,1.16,2025,8/1/2025
KOTA JAYAPURA,September,1.96,2025,9/1/2025
KOTA JAYAPURA,Oktober,0.85,2025,10/1/2025
KOTA JAYAPURA,November,-0.17,2025,11/1/2025
KOTA JAYAPURA,Desember,4.39,2025,12/1/2025
KOTA JAYAPURA,Januari,1.27,2026,1/1/2026
KOTA JAYAPURA,Februari,0.56,2026,2/1/2026
KOTA JAYAPURA,Maret,4.97,2026,3/1/2026
KOTA JAYAPURA,April,7.41,2026,4/1/2026
KOTA JAYAPURA,Mei,4.27,2026,5/1/2026
KOTA KEDIRI,Januari,5.82,2024,1/1/2024
KOTA KEDIRI,Februari,7.61,2024,2/1/2024
KOTA KEDIRI,Maret,9.58,2024,3/1/2024
KOTA KEDIRI,April,8.87,2024,4/1/2024
KOTA KEDIRI,Mei,6,2024,5/1/2024
KOTA KEDIRI,Juni,3.2,2024,6/1/2024
KOTA KEDIRI,Juli,2.36,2024,7/1/2024
KOTA KEDIRI,Agustus,1.71,2024,8/1/2024
KOTA KEDIRI,September,-0.33,2024,9/1/2024
KOTA KEDIRI,Oktober,0.07,2024,10/1/2024
KOTA KEDIRI,November,-0.89,2024,11/1/2024
KOTA KEDIRI,Desember,1.24,2024,12/1/2024
KOTA KEDIRI,Januari,3.54,2025,1/1/2025
KOTA KEDIRI,Februari,0.28,2025,2/1/2025
KOTA KEDIRI,Maret,-0.24,2025,3/1/2025
KOTA KEDIRI,April,-0.82,2025,4/1/2025
KOTA KEDIRI,Mei,-1.05,2025,5/1/2025
KOTA KEDIRI,Juni,2.59,2025,6/1/2025
KOTA KEDIRI,Juli,2.84,2025,7/1/2025
KOTA KEDIRI,Agustus,2.48,2025,8/1/2025
KOTA KEDIRI,September,4.56,2025,9/1/2025
KOTA KEDIRI,Oktober,4.6,2025,10/1/2025
KOTA KEDIRI,November,4.81,2025,11/1/2025
KOTA KEDIRI,Desember,4.59,2025,12/1/2025
KOTA KEDIRI,Januari,-0.05,2026,1/1/2026
KOTA KEDIRI,Februari,4.05,2026,2/1/2026
KOTA KEDIRI,Maret,3.08,2026,3/1/2026
KOTA KEDIRI,April,3.01,2026,4/1/2026
KOTA KEDIRI,Mei,5.38,2026,5/1/2026
KOTA KENDARI,Januari,2.32,2024,1/1/2024
KOTA KENDARI,Februari,3.72,2024,2/1/2024
KOTA KENDARI,Maret,6.68,2024,3/1/2024
KOTA KENDARI,April,6.99,2024,4/1/2024
KOTA KENDARI,Mei,6.39,2024,5/1/2024
KOTA KENDARI,Juni,6.74,2024,6/1/2024
KOTA KENDARI,Juli,4.98,2024,7/1/2024
KOTA KENDARI,Agustus,3.51,2024,8/1/2024
KOTA KENDARI,September,1.69,2024,9/1/2024
KOTA KENDARI,Oktober,0.09,2024,10/1/2024
KOTA KENDARI,November,1.26,2024,11/1/2024
KOTA KENDARI,Desember,2.01,2024,12/1/2024
KOTA KENDARI,Januari,2.32,2025,1/1/2025
KOTA KENDARI,Februari,3.65,2025,2/1/2025
KOTA KENDARI,Maret,3.76,2025,3/1/2025
KOTA KENDARI,April,3.01,2025,4/1/2025
KOTA KENDARI,Mei,-0.22,2025,5/1/2025
KOTA KENDARI,Juni,0.88,2025,6/1/2025
KOTA KENDARI,Juli,6.57,2025,7/1/2025
KOTA KENDARI,Agustus,7.1,2025,8/1/2025
KOTA KENDARI,September,6.93,2025,9/1/2025
KOTA KENDARI,Oktober,5.37,2025,10/1/2025
KOTA KENDARI,November,4.23,2025,11/1/2025
KOTA KENDARI,Desember,3.96,2025,12/1/2025
KOTA KENDARI,Januari,5.92,2026,1/1/2026
KOTA KENDARI,Februari,5.47,2026,2/1/2026
KOTA KENDARI,Maret,2.59,2026,3/1/2026
KOTA KENDARI,April,2.69,2026,4/1/2026
KOTA KENDARI,Mei,4.66,2026,5/1/2026
KOTA KOTAMOBAGU,Januari,8.01,2024,1/1/2024
KOTA KOTAMOBAGU,Februari,7.02,2024,2/1/2024
KOTA KOTAMOBAGU,Maret,10.36,2024,3/1/2024
KOTA KOTAMOBAGU,April,15.21,2024,4/1/2024
KOTA KOTAMOBAGU,Mei,12.45,2024,5/1/2024
KOTA KOTAMOBAGU,Juni,15.73,2024,6/1/2024
KOTA KOTAMOBAGU,Juli,12.08,2024,7/1/2024
KOTA KOTAMOBAGU,Agustus,13.27,2024,8/1/2024
KOTA KOTAMOBAGU,September,17.85,2024,9/1/2024
KOTA KOTAMOBAGU,Oktober,12.95,2024,10/1/2024
KOTA KOTAMOBAGU,November,9.21,2024,11/1/2024
KOTA KOTAMOBAGU,Desember,1.59,2024,12/1/2024
KOTA KOTAMOBAGU,Januari,5.81,2025,1/1/2025
KOTA KOTAMOBAGU,Februari,8.99,2025,2/1/2025
KOTA KOTAMOBAGU,Maret,10,2025,3/1/2025
KOTA KOTAMOBAGU,April,6.57,2025,4/1/2025
KOTA KOTAMOBAGU,Mei,7.16,2025,5/1/2025
KOTA KOTAMOBAGU,Juni,6.17,2025,6/1/2025
KOTA KOTAMOBAGU,Juli,12.35,2025,7/1/2025
KOTA KOTAMOBAGU,Agustus,5.76,2025,8/1/2025
KOTA KOTAMOBAGU,September,4.62,2025,9/1/2025
KOTA KOTAMOBAGU,Oktober,3.27,2025,10/1/2025
KOTA KOTAMOBAGU,November,0.21,2025,11/1/2025
KOTA KOTAMOBAGU,Desember,3.54,2025,12/1/2025
KOTA KOTAMOBAGU,Januari,0.78,2026,1/1/2026
KOTA KOTAMOBAGU,Februari,3.95,2026,2/1/2026
KOTA KOTAMOBAGU,Maret,-1.18,2026,3/1/2026
KOTA KOTAMOBAGU,April,2.81,2026,4/1/2026
KOTA KOTAMOBAGU,Mei,1.91,2026,5/1/2026
KOTA KUPANG,Januari,0.72,2024,1/1/2024
KOTA KUPANG,Februari,4.78,2024,2/1/2024
KOTA KUPANG,Maret,4.04,2024,3/1/2024
KOTA KUPANG,April,5.39,2024,4/1/2024
KOTA KUPANG,Mei,4.12,2024,5/1/2024
KOTA KUPANG,Juni,3.21,2024,6/1/2024
KOTA KUPANG,Juli,2.29,2024,7/1/2024
KOTA KUPANG,Agustus,3.47,2024,8/1/2024
KOTA KUPANG,September,3.15,2024,9/1/2024
KOTA KUPANG,Oktober,2.89,2024,10/1/2024
KOTA KUPANG,November,1.76,2024,11/1/2024
KOTA KUPANG,Desember,1.98,2024,12/1/2024
KOTA KUPANG,Januari,1.77,2025,1/1/2025
KOTA KUPANG,Februari,2.08,2025,2/1/2025
KOTA KUPANG,Maret,-0.2,2025,3/1/2025
KOTA KUPANG,April,-0.42,2025,4/1/2025
KOTA KUPANG,Mei,-1.77,2025,5/1/2025
KOTA KUPANG,Juni,-2.28,2025,6/1/2025
KOTA KUPANG,Juli,2.31,2025,7/1/2025
KOTA KUPANG,Agustus,2.49,2025,8/1/2025
KOTA KUPANG,September,1.81,2025,9/1/2025
KOTA KUPANG,Oktober,1.65,2025,10/1/2025
KOTA KUPANG,November,3.2,2025,11/1/2025
KOTA KUPANG,Desember,3.61,2025,12/1/2025
KOTA KUPANG,Januari,0.26,2026,1/1/2026
KOTA KUPANG,Februari,0.16,2026,2/1/2026
KOTA KUPANG,Maret,1.96,2026,3/1/2026
KOTA KUPANG,April,1.91,2026,4/1/2026
KOTA KUPANG,Mei,3.44,2026,5/1/2026
KOTA LHOKSEUMAWE,Januari,1.21,2024,1/1/2024
KOTA LHOKSEUMAWE,Februari,2.28,2024,2/1/2024
KOTA LHOKSEUMAWE,Maret,6.57,2024,3/1/2024
KOTA LHOKSEUMAWE,April,7.97,2024,4/1/2024
KOTA LHOKSEUMAWE,Mei,6.26,2024,5/1/2024
KOTA LHOKSEUMAWE,Juni,6.4,2024,6/1/2024
KOTA LHOKSEUMAWE,Juli,2.89,2024,7/1/2024
KOTA LHOKSEUMAWE,Agustus,3.47,2024,8/1/2024
KOTA LHOKSEUMAWE,September,2.57,2024,9/1/2024
KOTA LHOKSEUMAWE,Oktober,1.36,2024,10/1/2024
KOTA LHOKSEUMAWE,November,0.85,2024,11/1/2024
KOTA LHOKSEUMAWE,Desember,4.54,2024,12/1/2024
KOTA LHOKSEUMAWE,Januari,8.15,2025,1/1/2025
KOTA LHOKSEUMAWE,Februari,4.78,2025,2/1/2025
KOTA LHOKSEUMAWE,Maret,2.76,2025,3/1/2025
KOTA LHOKSEUMAWE,April,4.15,2025,4/1/2025
KOTA LHOKSEUMAWE,Mei,2.2,2025,5/1/2025
KOTA LHOKSEUMAWE,Juni,1.2,2025,6/1/2025
KOTA LHOKSEUMAWE,Juli,7.16,2025,7/1/2025
KOTA LHOKSEUMAWE,Agustus,10.11,2025,8/1/2025
KOTA LHOKSEUMAWE,September,9.66,2025,9/1/2025
KOTA LHOKSEUMAWE,Oktober,11.53,2025,10/1/2025
KOTA LHOKSEUMAWE,November,9.09,2025,11/1/2025
KOTA LHOKSEUMAWE,Desember,12.01,2025,12/1/2025
KOTA LHOKSEUMAWE,Januari,5.73,2026,1/1/2026
KOTA LHOKSEUMAWE,Februari,6.24,2026,2/1/2026
KOTA LHOKSEUMAWE,Maret,6.65,2026,3/1/2026
KOTA LHOKSEUMAWE,April,5.7,2026,4/1/2026
KOTA LHOKSEUMAWE,Mei,7.28,2026,5/1/2026
KOTA LUBUK LINGGAU,Januari,4.2,2024,1/1/2024
KOTA LUBUK LINGGAU,Februari,5.38,2024,2/1/2024
KOTA LUBUK LINGGAU,Maret,5.98,2024,3/1/2024
KOTA LUBUK LINGGAU,April,5.63,2024,4/1/2024
KOTA LUBUK LINGGAU,Mei,5.14,2024,5/1/2024
KOTA LUBUK LINGGAU,Juni,3.63,2024,6/1/2024
KOTA LUBUK LINGGAU,Juli,0.8,2024,7/1/2024
KOTA LUBUK LINGGAU,Agustus,0.07,2024,8/1/2024
KOTA LUBUK LINGGAU,September,-1.01,2024,9/1/2024
KOTA LUBUK LINGGAU,Oktober,-1.85,2024,10/1/2024
KOTA LUBUK LINGGAU,November,-2.78,2024,11/1/2024
KOTA LUBUK LINGGAU,Desember,-1.33,2024,12/1/2024
KOTA LUBUK LINGGAU,Januari,1.45,2025,1/1/2025
KOTA LUBUK LINGGAU,Februari,1.19,2025,2/1/2025
KOTA LUBUK LINGGAU,Maret,1.81,2025,3/1/2025
KOTA LUBUK LINGGAU,April,1.47,2025,4/1/2025
KOTA LUBUK LINGGAU,Mei,-0.18,2025,5/1/2025
KOTA LUBUK LINGGAU,Juni,0.5,2025,6/1/2025
KOTA LUBUK LINGGAU,Juli,2.58,2025,7/1/2025
KOTA LUBUK LINGGAU,Agustus,4.47,2025,8/1/2025
KOTA LUBUK LINGGAU,September,5.41,2025,9/1/2025
KOTA LUBUK LINGGAU,Oktober,4.75,2025,10/1/2025
KOTA LUBUK LINGGAU,November,3.71,2025,11/1/2025
KOTA LUBUK LINGGAU,Desember,2.92,2025,12/1/2025
KOTA LUBUK LINGGAU,Januari,-0.09,2026,1/1/2026
KOTA LUBUK LINGGAU,Februari,-0.17,2026,2/1/2026
KOTA LUBUK LINGGAU,Maret,-0.54,2026,3/1/2026
KOTA LUBUK LINGGAU,April,-1.16,2026,4/1/2026
KOTA LUBUK LINGGAU,Mei,2.04,2026,5/1/2026
KOTA MADIUN,Januari,4.95,2024,1/1/2024
KOTA MADIUN,Februari,7.07,2024,2/1/2024
KOTA MADIUN,Maret,9.16,2024,3/1/2024
KOTA MADIUN,April,8.06,2024,4/1/2024
KOTA MADIUN,Mei,5.57,2024,5/1/2024
KOTA MADIUN,Juni,2.85,2024,6/1/2024
KOTA MADIUN,Juli,2.26,2024,7/1/2024
KOTA MADIUN,Agustus,2.05,2024,8/1/2024
KOTA MADIUN,September,0.6,2024,9/1/2024
KOTA MADIUN,Oktober,0.96,2024,10/1/2024
KOTA MADIUN,November,0.18,2024,11/1/2024
KOTA MADIUN,Desember,1.07,2024,12/1/2024
KOTA MADIUN,Januari,2.93,2025,1/1/2025
KOTA MADIUN,Februari,-0.22,2025,2/1/2025
KOTA MADIUN,Maret,-1,2025,3/1/2025
KOTA MADIUN,April,-1.27,2025,4/1/2025
KOTA MADIUN,Mei,-1.6,2025,5/1/2025
KOTA MADIUN,Juni,2.35,2025,6/1/2025
KOTA MADIUN,Juli,3.42,2025,7/1/2025
KOTA MADIUN,Agustus,3.2,2025,8/1/2025
KOTA MADIUN,September,4.04,2025,9/1/2025
KOTA MADIUN,Oktober,4.14,2025,10/1/2025
KOTA MADIUN,November,3.51,2025,11/1/2025
KOTA MADIUN,Desember,4.98,2025,12/1/2025
KOTA MADIUN,Januari,0.86,2026,1/1/2026
KOTA MADIUN,Februari,4.3,2026,2/1/2026
KOTA MADIUN,Maret,3.77,2026,3/1/2026
KOTA MADIUN,April,3.45,2026,4/1/2026
KOTA MADIUN,Mei,6.15,2026,5/1/2026
KOTA MAKASSAR,Januari,3.94,2024,1/1/2024
KOTA MAKASSAR,Februari,6.43,2024,2/1/2024
KOTA MAKASSAR,Maret,5.3,2024,3/1/2024
KOTA MAKASSAR,April,5.25,2024,4/1/2024
KOTA MAKASSAR,Mei,4.37,2024,5/1/2024
KOTA MAKASSAR,Juni,3.22,2024,6/1/2024
KOTA MAKASSAR,Juli,2.58,2024,7/1/2024
KOTA MAKASSAR,Agustus,2.78,2024,8/1/2024
KOTA MAKASSAR,September,2.21,2024,9/1/2024
KOTA MAKASSAR,Oktober,0.76,2024,10/1/2024
KOTA MAKASSAR,November,0.36,2024,11/1/2024
KOTA MAKASSAR,Desember,-0.44,2024,12/1/2024
KOTA MAKASSAR,Januari,0.43,2025,1/1/2025
KOTA MAKASSAR,Februari,-1.77,2025,2/1/2025
KOTA MAKASSAR,Maret,0.53,2025,3/1/2025
KOTA MAKASSAR,April,2.22,2025,4/1/2025
KOTA MAKASSAR,Mei,0.28,2025,5/1/2025
KOTA MAKASSAR,Juni,1.04,2025,6/1/2025
KOTA MAKASSAR,Juli,4.77,2025,7/1/2025
KOTA MAKASSAR,Agustus,5.18,2025,8/1/2025
KOTA MAKASSAR,September,5.28,2025,9/1/2025
KOTA MAKASSAR,Oktober,4.46,2025,10/1/2025
KOTA MAKASSAR,November,4.38,2025,11/1/2025
KOTA MAKASSAR,Desember,4.86,2025,12/1/2025
KOTA MAKASSAR,Januari,3.34,2026,1/1/2026
KOTA MAKASSAR,Februari,8.23,2026,2/1/2026
KOTA MAKASSAR,Maret,7.33,2026,3/1/2026
KOTA MAKASSAR,April,5.18,2026,4/1/2026
KOTA MAKASSAR,Mei,6.78,2026,5/1/2026
KOTA MALANG,Januari,5.86,2024,1/1/2024
KOTA MALANG,Februari,7.62,2024,2/1/2024
KOTA MALANG,Maret,8.59,2024,3/1/2024
KOTA MALANG,April,8.33,2024,4/1/2024
KOTA MALANG,Mei,6.1,2024,5/1/2024
KOTA MALANG,Juni,3.83,2024,6/1/2024
KOTA MALANG,Juli,2.99,2024,7/1/2024
KOTA MALANG,Agustus,2.41,2024,8/1/2024
KOTA MALANG,September,1.68,2024,9/1/2024
KOTA MALANG,Oktober,1.49,2024,10/1/2024
KOTA MALANG,November,-0.01,2024,11/1/2024
KOTA MALANG,Desember,0.65,2024,12/1/2024
KOTA MALANG,Januari,3.25,2025,1/1/2025
KOTA MALANG,Februari,0.54,2025,2/1/2025
KOTA MALANG,Maret,-0.06,2025,3/1/2025
KOTA MALANG,April,-0.83,2025,4/1/2025
KOTA MALANG,Mei,-1.07,2025,5/1/2025
KOTA MALANG,Juni,1.74,2025,6/1/2025
KOTA MALANG,Juli,2.12,2025,7/1/2025
KOTA MALANG,Agustus,2.48,2025,8/1/2025
KOTA MALANG,September,4.01,2025,9/1/2025
KOTA MALANG,Oktober,4.06,2025,10/1/2025
KOTA MALANG,November,3.75,2025,11/1/2025
KOTA MALANG,Desember,3.62,2025,12/1/2025
KOTA MALANG,Januari,0.21,2026,1/1/2026
KOTA MALANG,Februari,2.91,2026,2/1/2026
KOTA MALANG,Maret,2.73,2026,3/1/2026
KOTA MALANG,April,3.18,2026,4/1/2026
KOTA MALANG,Mei,4.46,2026,5/1/2026
KOTA MANADO,Januari,9.78,2024,1/1/2024
KOTA MANADO,Februari,9.58,2024,2/1/2024
KOTA MANADO,Maret,10.08,2024,3/1/2024
KOTA MANADO,April,10.04,2024,4/1/2024
KOTA MANADO,Mei,11.07,2024,5/1/2024
KOTA MANADO,Juni,11.48,2024,6/1/2024
KOTA MANADO,Juli,11.06,2024,7/1/2024
KOTA MANADO,Agustus,11.6,2024,8/1/2024
KOTA MANADO,September,11.36,2024,9/1/2024
KOTA MANADO,Oktober,5.53,2024,10/1/2024
KOTA MANADO,November,4.97,2024,11/1/2024
KOTA MANADO,Desember,1.71,2024,12/1/2024
KOTA MANADO,Januari,2.11,2025,1/1/2025
KOTA MANADO,Februari,2.78,2025,2/1/2025
KOTA MANADO,Maret,2.5,2025,3/1/2025
KOTA MANADO,April,5.07,2025,4/1/2025
KOTA MANADO,Mei,1.02,2025,5/1/2025
KOTA MANADO,Juni,3.56,2025,6/1/2025
KOTA MANADO,Juli,6.08,2025,7/1/2025
KOTA MANADO,Agustus,2.05,2025,8/1/2025
KOTA MANADO,September,2.71,2025,9/1/2025
KOTA MANADO,Oktober,3.11,2025,10/1/2025
KOTA MANADO,November,0.49,2025,11/1/2025
KOTA MANADO,Desember,2.71,2025,12/1/2025
KOTA MANADO,Januari,4.55,2026,1/1/2026
KOTA MANADO,Februari,6.75,2026,2/1/2026
KOTA MANADO,Maret,3.5,2026,3/1/2026
KOTA MANADO,April,4.3,2026,4/1/2026
KOTA MANADO,Mei,4.14,2026,5/1/2026
KOTA MATARAM,Januari,4.78,2024,1/1/2024
KOTA MATARAM,Februari,5.62,2024,2/1/2024
KOTA MATARAM,Maret,8.5,2024,3/1/2024
KOTA MATARAM,April,7.8,2024,4/1/2024
KOTA MATARAM,Mei,6.83,2024,5/1/2024
KOTA MATARAM,Juni,4.67,2024,6/1/2024
KOTA MATARAM,Juli,3.4,2024,7/1/2024
KOTA MATARAM,Agustus,3.3,2024,8/1/2024
KOTA MATARAM,September,1.05,2024,9/1/2024
KOTA MATARAM,Oktober,0.31,2024,10/1/2024
KOTA MATARAM,November,1.27,2024,11/1/2024
KOTA MATARAM,Desember,2.07,2024,12/1/2024
KOTA MATARAM,Januari,5.07,2025,1/1/2025
KOTA MATARAM,Februari,1.88,2025,2/1/2025
KOTA MATARAM,Maret,2.39,2025,3/1/2025
KOTA MATARAM,April,1.55,2025,4/1/2025
KOTA MATARAM,Mei,0.1,2025,5/1/2025
KOTA MATARAM,Juni,2.79,2025,6/1/2025
KOTA MATARAM,Juli,5.73,2025,7/1/2025
KOTA MATARAM,Agustus,4.98,2025,8/1/2025
KOTA MATARAM,September,6.34,2025,9/1/2025
KOTA MATARAM,Oktober,6.2,2025,10/1/2025
KOTA MATARAM,November,4.8,2025,11/1/2025
KOTA MATARAM,Desember,5.56,2025,12/1/2025
KOTA MATARAM,Januari,0.77,2026,1/1/2026
KOTA MATARAM,Februari,4.88,2026,2/1/2026
KOTA MATARAM,Maret,4.56,2026,3/1/2026
KOTA MATARAM,April,4.03,2026,4/1/2026
KOTA MATARAM,Mei,5.27,2026,5/1/2026
KOTA MEDAN,Januari,2.58,2024,1/1/2024
KOTA MEDAN,Februari,5.7,2024,2/1/2024
KOTA MEDAN,Maret,10.04,2024,3/1/2024
KOTA MEDAN,April,10.95,2024,4/1/2024
KOTA MEDAN,Mei,12.25,2024,5/1/2024
KOTA MEDAN,Juni,8.47,2024,6/1/2024
KOTA MEDAN,Juli,5.31,2024,7/1/2024
KOTA MEDAN,Agustus,4.23,2024,8/1/2024
KOTA MEDAN,September,2.52,2024,9/1/2024
KOTA MEDAN,Oktober,3.72,2024,10/1/2024
KOTA MEDAN,November,3.4,2024,11/1/2024
KOTA MEDAN,Desember,4.07,2024,12/1/2024
KOTA MEDAN,Januari,5.83,2025,1/1/2025
KOTA MEDAN,Februari,2.97,2025,2/1/2025
KOTA MEDAN,Maret,0.29,2025,3/1/2025
KOTA MEDAN,April,1.72,2025,4/1/2025
KOTA MEDAN,Mei,-2.56,2025,5/1/2025
KOTA MEDAN,Juni,-1.39,2025,6/1/2025
KOTA MEDAN,Juli,3.44,2025,7/1/2025
KOTA MEDAN,Agustus,9.36,2025,8/1/2025
KOTA MEDAN,September,12.12,2025,9/1/2025
KOTA MEDAN,Oktober,9.93,2025,10/1/2025
KOTA MEDAN,November,7.04,2025,11/1/2025
KOTA MEDAN,Desember,9.72,2025,12/1/2025
KOTA MEDAN,Januari,2.88,2026,1/1/2026
KOTA MEDAN,Februari,4.46,2026,2/1/2026
KOTA MEDAN,Maret,4.83,2026,3/1/2026
KOTA MEDAN,April,5.27,2026,4/1/2026
KOTA MEDAN,Mei,8.78,2026,5/1/2026
KOTA METRO,Januari,6.49,2024,1/1/2024
KOTA METRO,Februari,8.18,2024,2/1/2024
KOTA METRO,Maret,10.82,2024,3/1/2024
KOTA METRO,April,9.25,2024,4/1/2024
KOTA METRO,Mei,6.75,2024,5/1/2024
KOTA METRO,Juni,6.49,2024,6/1/2024
KOTA METRO,Juli,4.89,2024,7/1/2024
KOTA METRO,Agustus,4.78,2024,8/1/2024
KOTA METRO,September,3.37,2024,9/1/2024
KOTA METRO,Oktober,2.29,2024,10/1/2024
KOTA METRO,November,-0.71,2024,11/1/2024
KOTA METRO,Desember,0.38,2024,12/1/2024
KOTA METRO,Januari,6.35,2025,1/1/2025
KOTA METRO,Februari,1.93,2025,2/1/2025
KOTA METRO,Maret,2.28,2025,3/1/2025
KOTA METRO,April,1.49,2025,4/1/2025
KOTA METRO,Mei,0.86,2025,5/1/2025
KOTA METRO,Juni,0.92,2025,6/1/2025
KOTA METRO,Juli,2.78,2025,7/1/2025
KOTA METRO,Agustus,2.32,2025,8/1/2025
KOTA METRO,September,5.08,2025,9/1/2025
KOTA METRO,Oktober,4.32,2025,10/1/2025
KOTA METRO,November,3.84,2025,11/1/2025
KOTA METRO,Desember,4.81,2025,12/1/2025
KOTA METRO,Januari,-1.47,2026,1/1/2026
KOTA METRO,Februari,1.64,2026,2/1/2026
KOTA METRO,Maret,0.45,2026,3/1/2026
KOTA METRO,April,1.79,2026,4/1/2026
KOTA METRO,Mei,6.71,2026,5/1/2026
KOTA PADANG,Januari,4.43,2024,1/1/2024
KOTA PADANG,Februari,6.13,2024,2/1/2024
KOTA PADANG,Maret,9.3,2024,3/1/2024
KOTA PADANG,April,7.47,2024,4/1/2024
KOTA PADANG,Mei,10.46,2024,5/1/2024
KOTA PADANG,Juni,9.11,2024,6/1/2024
KOTA PADANG,Juli,3.98,2024,7/1/2024
KOTA PADANG,Agustus,3.1,2024,8/1/2024
KOTA PADANG,September,0.15,2024,9/1/2024
KOTA PADANG,Oktober,0.75,2024,10/1/2024
KOTA PADANG,November,-1.87,2024,11/1/2024
KOTA PADANG,Desember,-0.67,2024,12/1/2024
KOTA PADANG,Januari,3.41,2025,1/1/2025
KOTA PADANG,Februari,0.01,2025,2/1/2025
KOTA PADANG,Maret,-1.89,2025,3/1/2025
KOTA PADANG,April,2.41,2025,4/1/2025
KOTA PADANG,Mei,-3.03,2025,5/1/2025
KOTA PADANG,Juni,-4.64,2025,6/1/2025
KOTA PADANG,Juli,0.9,2025,7/1/2025
KOTA PADANG,Agustus,2.98,2025,8/1/2025
KOTA PADANG,September,7.21,2025,9/1/2025
KOTA PADANG,Oktober,8.16,2025,10/1/2025
KOTA PADANG,November,7.12,2025,11/1/2025
KOTA PADANG,Desember,10.45,2025,12/1/2025
KOTA PADANG,Januari,1.85,2026,1/1/2026
KOTA PADANG,Februari,1.74,2026,2/1/2026
KOTA PADANG,Maret,2.14,2026,3/1/2026
KOTA PADANG,April,0.97,2026,4/1/2026
KOTA PADANG,Mei,5.96,2026,5/1/2026
KOTA PADANGSIDIMPUAN,Januari,4.39,2024,1/1/2024
KOTA PADANGSIDIMPUAN,Februari,5.07,2024,2/1/2024
KOTA PADANGSIDIMPUAN,Maret,9.3,2024,3/1/2024
KOTA PADANGSIDIMPUAN,April,10.86,2024,4/1/2024
KOTA PADANGSIDIMPUAN,Mei,10.78,2024,5/1/2024
KOTA PADANGSIDIMPUAN,Juni,9.46,2024,6/1/2024
KOTA PADANGSIDIMPUAN,Juli,4.47,2024,7/1/2024
KOTA PADANGSIDIMPUAN,Agustus,3.24,2024,8/1/2024
KOTA PADANGSIDIMPUAN,September,-0.63,2024,9/1/2024
KOTA PADANGSIDIMPUAN,Oktober,0.94,2024,10/1/2024
KOTA PADANGSIDIMPUAN,November,1.42,2024,11/1/2024
KOTA PADANGSIDIMPUAN,Desember,3.05,2024,12/1/2024
KOTA PADANGSIDIMPUAN,Januari,5.07,2025,1/1/2025
KOTA PADANGSIDIMPUAN,Februari,3.03,2025,2/1/2025
KOTA PADANGSIDIMPUAN,Maret,0.4,2025,3/1/2025
KOTA PADANGSIDIMPUAN,April,3.33,2025,4/1/2025
KOTA PADANGSIDIMPUAN,Mei,0.5,2025,5/1/2025
KOTA PADANGSIDIMPUAN,Juni,-0.39,2025,6/1/2025
KOTA PADANGSIDIMPUAN,Juli,3.43,2025,7/1/2025
KOTA PADANGSIDIMPUAN,Agustus,8.03,2025,8/1/2025
KOTA PADANGSIDIMPUAN,September,14.91,2025,9/1/2025
KOTA PADANGSIDIMPUAN,Oktober,11.78,2025,10/1/2025
KOTA PADANGSIDIMPUAN,November,7.04,2025,11/1/2025
KOTA PADANGSIDIMPUAN,Desember,9.54,2025,12/1/2025
KOTA PADANGSIDIMPUAN,Januari,4.45,2026,1/1/2026
KOTA PADANGSIDIMPUAN,Februari,3.88,2026,2/1/2026
KOTA PADANGSIDIMPUAN,Maret,3.53,2026,3/1/2026
KOTA PADANGSIDIMPUAN,April,1.33,2026,4/1/2026
KOTA PADANGSIDIMPUAN,Mei,6.43,2026,5/1/2026
KOTA PALANGKARAYA,Januari,7.77,2024,1/1/2024
KOTA PALANGKARAYA,Februari,5.85,2024,2/1/2024
KOTA PALANGKARAYA,Maret,6.46,2024,3/1/2024
KOTA PALANGKARAYA,April,7.29,2024,4/1/2024
KOTA PALANGKARAYA,Mei,6.72,2024,5/1/2024
KOTA PALANGKARAYA,Juni,5.45,2024,6/1/2024
KOTA PALANGKARAYA,Juli,2.76,2024,7/1/2024
KOTA PALANGKARAYA,Agustus,1.82,2024,8/1/2024
KOTA PALANGKARAYA,September,1.86,2024,9/1/2024
KOTA PALANGKARAYA,Oktober,0.63,2024,10/1/2024
KOTA PALANGKARAYA,November,0.92,2024,11/1/2024
KOTA PALANGKARAYA,Desember,0.77,2024,12/1/2024
KOTA PALANGKARAYA,Januari,1.65,2025,1/1/2025
KOTA PALANGKARAYA,Februari,2.7,2025,2/1/2025
KOTA PALANGKARAYA,Maret,1.47,2025,3/1/2025
KOTA PALANGKARAYA,April,-0.26,2025,4/1/2025
KOTA PALANGKARAYA,Mei,-1.87,2025,5/1/2025
KOTA PALANGKARAYA,Juni,-0.6,2025,6/1/2025
KOTA PALANGKARAYA,Juli,1.72,2025,7/1/2025
KOTA PALANGKARAYA,Agustus,2.68,2025,8/1/2025
KOTA PALANGKARAYA,September,3.3,2025,9/1/2025
KOTA PALANGKARAYA,Oktober,3.46,2025,10/1/2025
KOTA PALANGKARAYA,November,2.67,2025,11/1/2025
KOTA PALANGKARAYA,Desember,4.35,2025,12/1/2025
KOTA PALANGKARAYA,Januari,3.53,2026,1/1/2026
KOTA PALANGKARAYA,Februari,4.24,2026,2/1/2026
KOTA PALANGKARAYA,Maret,5.2,2026,3/1/2026
KOTA PALANGKARAYA,April,5.88,2026,4/1/2026
KOTA PALANGKARAYA,Mei,7.38,2026,5/1/2026
KOTA PALEMBANG,Januari,6.67,2024,1/1/2024
KOTA PALEMBANG,Februari,7.83,2024,2/1/2024
KOTA PALEMBANG,Maret,9.35,2024,3/1/2024
KOTA PALEMBANG,April,9.42,2024,4/1/2024
KOTA PALEMBANG,Mei,8.82,2024,5/1/2024
KOTA PALEMBANG,Juni,6.39,2024,6/1/2024
KOTA PALEMBANG,Juli,2.83,2024,7/1/2024
KOTA PALEMBANG,Agustus,1.97,2024,8/1/2024
KOTA PALEMBANG,September,-0.07,2024,9/1/2024
KOTA PALEMBANG,Oktober,-0.27,2024,10/1/2024
KOTA PALEMBANG,November,-1.05,2024,11/1/2024
KOTA PALEMBANG,Desember,0.73,2024,12/1/2024
KOTA PALEMBANG,Januari,3.45,2025,1/1/2025
KOTA PALEMBANG,Februari,1.49,2025,2/1/2025
KOTA PALEMBANG,Maret,1.06,2025,3/1/2025
KOTA PALEMBANG,April,1.29,2025,4/1/2025
KOTA PALEMBANG,Mei,0.61,2025,5/1/2025
KOTA PALEMBANG,Juni,1.35,2025,6/1/2025
KOTA PALEMBANG,Juli,4.45,2025,7/1/2025
KOTA PALEMBANG,Agustus,5.73,2025,8/1/2025
KOTA PALEMBANG,September,7.33,2025,9/1/2025
KOTA PALEMBANG,Oktober,6.86,2025,10/1/2025
KOTA PALEMBANG,November,5.75,2025,11/1/2025
KOTA PALEMBANG,Desember,4.64,2025,12/1/2025
KOTA PALEMBANG,Januari,0.12,2026,1/1/2026
KOTA PALEMBANG,Februari,2.67,2026,2/1/2026
KOTA PALEMBANG,Maret,2.36,2026,3/1/2026
KOTA PALEMBANG,April,1.39,2026,4/1/2026
KOTA PALEMBANG,Mei,3.8,2026,5/1/2026
KOTA PALOPO,Januari,5.04,2024,1/1/2024
KOTA PALOPO,Februari,7.21,2024,2/1/2024
KOTA PALOPO,Maret,7.3,2024,3/1/2024
KOTA PALOPO,April,8.35,2024,4/1/2024
KOTA PALOPO,Mei,6.04,2024,5/1/2024
KOTA PALOPO,Juni,5.3,2024,6/1/2024
KOTA PALOPO,Juli,4.35,2024,7/1/2024
KOTA PALOPO,Agustus,4.37,2024,8/1/2024
KOTA PALOPO,September,4.39,2024,9/1/2024
KOTA PALOPO,Oktober,3.5,2024,10/1/2024
KOTA PALOPO,November,4.11,2024,11/1/2024
KOTA PALOPO,Desember,3.75,2024,12/1/2024
KOTA PALOPO,Januari,2.55,2025,1/1/2025
KOTA PALOPO,Februari,0.93,2025,2/1/2025
KOTA PALOPO,Maret,0.89,2025,3/1/2025
KOTA PALOPO,April,0.38,2025,4/1/2025
KOTA PALOPO,Mei,0.81,2025,5/1/2025
KOTA PALOPO,Juni,1.8,2025,6/1/2025
KOTA PALOPO,Juli,6.29,2025,7/1/2025
KOTA PALOPO,Agustus,6.65,2025,8/1/2025
KOTA PALOPO,September,6.33,2025,9/1/2025
KOTA PALOPO,Oktober,5.73,2025,10/1/2025
KOTA PALOPO,November,4.39,2025,11/1/2025
KOTA PALOPO,Desember,4.18,2025,12/1/2025
KOTA PALOPO,Januari,3.56,2026,1/1/2026
KOTA PALOPO,Februari,5.49,2026,2/1/2026
KOTA PALOPO,Maret,2.95,2026,3/1/2026
KOTA PALOPO,April,2.93,2026,4/1/2026
KOTA PALOPO,Mei,2.4,2026,5/1/2026
KOTA PALU,Januari,5.82,2024,1/1/2024
KOTA PALU,Februari,7.21,2024,2/1/2024
KOTA PALU,Maret,7.79,2024,3/1/2024
KOTA PALU,April,6.07,2024,4/1/2024
KOTA PALU,Mei,5.66,2024,5/1/2024
KOTA PALU,Juni,6.05,2024,6/1/2024
KOTA PALU,Juli,3.44,2024,7/1/2024
KOTA PALU,Agustus,2.59,2024,8/1/2024
KOTA PALU,September,2.38,2024,9/1/2024
KOTA PALU,Oktober,0.44,2024,10/1/2024
KOTA PALU,November,-2.07,2024,11/1/2024
KOTA PALU,Desember,-0.8,2024,12/1/2024
KOTA PALU,Januari,0.62,2025,1/1/2025
KOTA PALU,Februari,-0.38,2025,2/1/2025
KOTA PALU,Maret,2.56,2025,3/1/2025
KOTA PALU,April,3.64,2025,4/1/2025
KOTA PALU,Mei,0.14,2025,5/1/2025
KOTA PALU,Juni,0.02,2025,6/1/2025
KOTA PALU,Juli,4.97,2025,7/1/2025
KOTA PALU,Agustus,6.35,2025,8/1/2025
KOTA PALU,September,6.28,2025,9/1/2025
KOTA PALU,Oktober,5.81,2025,10/1/2025
KOTA PALU,November,5.11,2025,11/1/2025
KOTA PALU,Desember,3.49,2025,12/1/2025
KOTA PALU,Januari,2.38,2026,1/1/2026
KOTA PALU,Februari,4.04,2026,2/1/2026
KOTA PALU,Maret,0.28,2026,3/1/2026
KOTA PALU,April,1.41,2026,4/1/2026
KOTA PALU,Mei,2.69,2026,5/1/2026
KOTA PANGKAL PINANG,Januari,3.33,2024,1/1/2024
KOTA PANGKAL PINANG,Februari,5.98,2024,2/1/2024
KOTA PANGKAL PINANG,Maret,6.33,2024,3/1/2024
KOTA PANGKAL PINANG,April,5.56,2024,4/1/2024
KOTA PANGKAL PINANG,Mei,4.1,2024,5/1/2024
KOTA PANGKAL PINANG,Juni,3.18,2024,6/1/2024
KOTA PANGKAL PINANG,Juli,2.05,2024,7/1/2024
KOTA PANGKAL PINANG,Agustus,1.48,2024,8/1/2024
KOTA PANGKAL PINANG,September,-1.16,2024,9/1/2024
KOTA PANGKAL PINANG,Oktober,-1.19,2024,10/1/2024
KOTA PANGKAL PINANG,November,-1.38,2024,11/1/2024
KOTA PANGKAL PINANG,Desember,-0.55,2024,12/1/2024
KOTA PANGKAL PINANG,Januari,2.66,2025,1/1/2025
KOTA PANGKAL PINANG,Februari,0.39,2025,2/1/2025
KOTA PANGKAL PINANG,Maret,-1.05,2025,3/1/2025
KOTA PANGKAL PINANG,April,2.03,2025,4/1/2025
KOTA PANGKAL PINANG,Mei,-0.58,2025,5/1/2025
KOTA PANGKAL PINANG,Juni,0.55,2025,6/1/2025
KOTA PANGKAL PINANG,Juli,4.05,2025,7/1/2025
KOTA PANGKAL PINANG,Agustus,3.3,2025,8/1/2025
KOTA PANGKAL PINANG,September,6.9,2025,9/1/2025
KOTA PANGKAL PINANG,Oktober,6.78,2025,10/1/2025
KOTA PANGKAL PINANG,November,9.66,2025,11/1/2025
KOTA PANGKAL PINANG,Desember,8.46,2025,12/1/2025
KOTA PANGKAL PINANG,Januari,5.7,2026,1/1/2026
KOTA PANGKAL PINANG,Februari,3.52,2026,2/1/2026
KOTA PANGKAL PINANG,Maret,4.31,2026,3/1/2026
KOTA PANGKAL PINANG,April,0.16,2026,4/1/2026
KOTA PANGKAL PINANG,Mei,3.7,2026,5/1/2026
KOTA PARE PARE,Januari,7.33,2024,1/1/2024
KOTA PARE PARE,Februari,7.84,2024,2/1/2024
KOTA PARE PARE,Maret,5.39,2024,3/1/2024
KOTA PARE PARE,April,4.23,2024,4/1/2024
KOTA PARE PARE,Mei,4.56,2024,5/1/2024
KOTA PARE PARE,Juni,5.45,2024,6/1/2024
KOTA PARE PARE,Juli,3.2,2024,7/1/2024
KOTA PARE PARE,Agustus,2.11,2024,8/1/2024
KOTA PARE PARE,September,1.71,2024,9/1/2024
KOTA PARE PARE,Oktober,-0.22,2024,10/1/2024
KOTA PARE PARE,November,-1.84,2024,11/1/2024
KOTA PARE PARE,Desember,-0.8,2024,12/1/2024
KOTA PARE PARE,Januari,-1.35,2025,1/1/2025
KOTA PARE PARE,Februari,-0.68,2025,2/1/2025
KOTA PARE PARE,Maret,3.42,2025,3/1/2025
KOTA PARE PARE,April,6.56,2025,4/1/2025
KOTA PARE PARE,Mei,2.66,2025,5/1/2025
KOTA PARE PARE,Juni,4.25,2025,6/1/2025
KOTA PARE PARE,Juli,11.3,2025,7/1/2025
KOTA PARE PARE,Agustus,12.62,2025,8/1/2025
KOTA PARE PARE,September,9.12,2025,9/1/2025
KOTA PARE PARE,Oktober,7.27,2025,10/1/2025
KOTA PARE PARE,November,8.8,2025,11/1/2025
KOTA PARE PARE,Desember,8.14,2025,12/1/2025
KOTA PARE PARE,Januari,7.48,2026,1/1/2026
KOTA PARE PARE,Februari,8.91,2026,2/1/2026
KOTA PARE PARE,Maret,6.26,2026,3/1/2026
KOTA PARE PARE,April,2.89,2026,4/1/2026
KOTA PARE PARE,Mei,5.88,2026,5/1/2026
KOTA PEKANBARU,Januari,2.37,2024,1/1/2024
KOTA PEKANBARU,Februari,3.34,2024,2/1/2024
KOTA PEKANBARU,Maret,6.92,2024,3/1/2024
KOTA PEKANBARU,April,6.79,2024,4/1/2024
KOTA PEKANBARU,Mei,7.75,2024,5/1/2024
KOTA PEKANBARU,Juni,6.88,2024,6/1/2024
KOTA PEKANBARU,Juli,2.74,2024,7/1/2024
KOTA PEKANBARU,Agustus,1.14,2024,8/1/2024
KOTA PEKANBARU,September,-1.31,2024,9/1/2024
KOTA PEKANBARU,Oktober,-1.46,2024,10/1/2024
KOTA PEKANBARU,November,-3.37,2024,11/1/2024
KOTA PEKANBARU,Desember,-2.18,2024,12/1/2024
KOTA PEKANBARU,Januari,2.71,2025,1/1/2025
KOTA PEKANBARU,Februari,0.97,2025,2/1/2025
KOTA PEKANBARU,Maret,-1,2025,3/1/2025
KOTA PEKANBARU,April,1.99,2025,4/1/2025
KOTA PEKANBARU,Mei,-2.26,2025,5/1/2025
KOTA PEKANBARU,Juni,-3.43,2025,6/1/2025
KOTA PEKANBARU,Juli,0.97,2025,7/1/2025
KOTA PEKANBARU,Agustus,5.33,2025,8/1/2025
KOTA PEKANBARU,September,10.51,2025,9/1/2025
KOTA PEKANBARU,Oktober,10.33,2025,10/1/2025
KOTA PEKANBARU,November,8.37,2025,11/1/2025
KOTA PEKANBARU,Desember,9.71,2025,12/1/2025
KOTA PEKANBARU,Januari,3.85,2026,1/1/2026
KOTA PEKANBARU,Februari,3.82,2026,2/1/2026
KOTA PEKANBARU,Maret,2.84,2026,3/1/2026
KOTA PEKANBARU,April,1.25,2026,4/1/2026
KOTA PEKANBARU,Mei,6.24,2026,5/1/2026
KOTA PEMATANGSIANTAR,Januari,2.65,2024,1/1/2024
KOTA PEMATANGSIANTAR,Februari,5.14,2024,2/1/2024
KOTA PEMATANGSIANTAR,Maret,8.51,2024,3/1/2024
KOTA PEMATANGSIANTAR,April,8.87,2024,4/1/2024
KOTA PEMATANGSIANTAR,Mei,8.98,2024,5/1/2024
KOTA PEMATANGSIANTAR,Juni,4.44,2024,6/1/2024
KOTA PEMATANGSIANTAR,Juli,1.52,2024,7/1/2024
KOTA PEMATANGSIANTAR,Agustus,2.66,2024,8/1/2024
KOTA PEMATANGSIANTAR,September,2.03,2024,9/1/2024
KOTA PEMATANGSIANTAR,Oktober,3.72,2024,10/1/2024
KOTA PEMATANGSIANTAR,November,3.68,2024,11/1/2024
KOTA PEMATANGSIANTAR,Desember,3.86,2024,12/1/2024
KOTA PEMATANGSIANTAR,Januari,2.24,2025,1/1/2025
KOTA PEMATANGSIANTAR,Februari,1.48,2025,2/1/2025
KOTA PEMATANGSIANTAR,Maret,-0.48,2025,3/1/2025
KOTA PEMATANGSIANTAR,April,1.21,2025,4/1/2025
KOTA PEMATANGSIANTAR,Mei,-1.14,2025,5/1/2025
KOTA PEMATANGSIANTAR,Juni,0.27,2025,6/1/2025
KOTA PEMATANGSIANTAR,Juli,5.48,2025,7/1/2025
KOTA PEMATANGSIANTAR,Agustus,9.53,2025,8/1/2025
KOTA PEMATANGSIANTAR,September,10.59,2025,9/1/2025
KOTA PEMATANGSIANTAR,Oktober,7.15,2025,10/1/2025
KOTA PEMATANGSIANTAR,November,5.26,2025,11/1/2025
KOTA PEMATANGSIANTAR,Desember,7.37,2025,12/1/2025
KOTA PEMATANGSIANTAR,Januari,4.35,2026,1/1/2026
KOTA PEMATANGSIANTAR,Februari,4.85,2026,2/1/2026
KOTA PEMATANGSIANTAR,Maret,4.95,2026,3/1/2026
KOTA PEMATANGSIANTAR,April,5.17,2026,4/1/2026
KOTA PEMATANGSIANTAR,Mei,8.6,2026,5/1/2026
KOTA PONTIANAK,Januari,4.2,2024,1/1/2024
KOTA PONTIANAK,Februari,4.68,2024,2/1/2024
KOTA PONTIANAK,Maret,6.3,2024,3/1/2024
KOTA PONTIANAK,April,8.24,2024,4/1/2024
KOTA PONTIANAK,Mei,8.68,2024,5/1/2024
KOTA PONTIANAK,Juni,4.48,2024,6/1/2024
KOTA PONTIANAK,Juli,2.29,2024,7/1/2024
KOTA PONTIANAK,Agustus,1.91,2024,8/1/2024
KOTA PONTIANAK,September,3.25,2024,9/1/2024
KOTA PONTIANAK,Oktober,2.59,2024,10/1/2024
KOTA PONTIANAK,November,3.45,2024,11/1/2024
KOTA PONTIANAK,Desember,3.09,2024,12/1/2024
KOTA PONTIANAK,Januari,2.56,2025,1/1/2025
KOTA PONTIANAK,Februari,3,2025,2/1/2025
KOTA PONTIANAK,Maret,2.07,2025,3/1/2025
KOTA PONTIANAK,April,-0.07,2025,4/1/2025
KOTA PONTIANAK,Mei,-3.24,2025,5/1/2025
KOTA PONTIANAK,Juni,-0.45,2025,6/1/2025
KOTA PONTIANAK,Juli,3.84,2025,7/1/2025
KOTA PONTIANAK,Agustus,4.42,2025,8/1/2025
KOTA PONTIANAK,September,2.88,2025,9/1/2025
KOTA PONTIANAK,Oktober,4.13,2025,10/1/2025
KOTA PONTIANAK,November,4.02,2025,11/1/2025
KOTA PONTIANAK,Desember,2.59,2025,12/1/2025
KOTA PONTIANAK,Januari,1.33,2026,1/1/2026
KOTA PONTIANAK,Februari,2.41,2026,2/1/2026
KOTA PONTIANAK,Maret,2.03,2026,3/1/2026
KOTA PONTIANAK,April,2.75,2026,4/1/2026
KOTA PONTIANAK,Mei,5.02,2026,5/1/2026
KOTA PROBOLINGGO,Januari,3.65,2024,1/1/2024
KOTA PROBOLINGGO,Februari,5.82,2024,2/1/2024
KOTA PROBOLINGGO,Maret,6.81,2024,3/1/2024
KOTA PROBOLINGGO,April,6.44,2024,4/1/2024
KOTA PROBOLINGGO,Mei,4.56,2024,5/1/2024
KOTA PROBOLINGGO,Juni,2.11,2024,6/1/2024
KOTA PROBOLINGGO,Juli,2.63,2024,7/1/2024
KOTA PROBOLINGGO,Agustus,1.54,2024,8/1/2024
KOTA PROBOLINGGO,September,0.74,2024,9/1/2024
KOTA PROBOLINGGO,Oktober,0.37,2024,10/1/2024
KOTA PROBOLINGGO,November,-0.41,2024,11/1/2024
KOTA PROBOLINGGO,Desember,0.66,2024,12/1/2024
KOTA PROBOLINGGO,Januari,2.96,2025,1/1/2025
KOTA PROBOLINGGO,Februari,0.79,2025,2/1/2025
KOTA PROBOLINGGO,Maret,0.31,2025,3/1/2025
KOTA PROBOLINGGO,April,-0.86,2025,4/1/2025
KOTA PROBOLINGGO,Mei,-1.15,2025,5/1/2025
KOTA PROBOLINGGO,Juni,1.3,2025,6/1/2025
KOTA PROBOLINGGO,Juli,2.06,2025,7/1/2025
KOTA PROBOLINGGO,Agustus,2.21,2025,8/1/2025
KOTA PROBOLINGGO,September,3.42,2025,9/1/2025
KOTA PROBOLINGGO,Oktober,3.22,2025,10/1/2025
KOTA PROBOLINGGO,November,2.57,2025,11/1/2025
KOTA PROBOLINGGO,Desember,3.26,2025,12/1/2025
KOTA PROBOLINGGO,Januari,-0.26,2026,1/1/2026
KOTA PROBOLINGGO,Februari,2.81,2026,2/1/2026
KOTA PROBOLINGGO,Maret,3.11,2026,3/1/2026
KOTA PROBOLINGGO,April,3.08,2026,4/1/2026
KOTA PROBOLINGGO,Mei,4.59,2026,5/1/2026
KOTA SAMARINDA,Januari,6.67,2024,1/1/2024
KOTA SAMARINDA,Februari,7.56,2024,2/1/2024
KOTA SAMARINDA,Maret,7.64,2024,3/1/2024
KOTA SAMARINDA,April,9.47,2024,4/1/2024
KOTA SAMARINDA,Mei,7.83,2024,5/1/2024
KOTA SAMARINDA,Juni,6.51,2024,6/1/2024
KOTA SAMARINDA,Juli,3.95,2024,7/1/2024
KOTA SAMARINDA,Agustus,3.4,2024,8/1/2024
KOTA SAMARINDA,September,2.72,2024,9/1/2024
KOTA SAMARINDA,Oktober,0.94,2024,10/1/2024
KOTA SAMARINDA,November,0.44,2024,11/1/2024
KOTA SAMARINDA,Desember,0.39,2024,12/1/2024
KOTA SAMARINDA,Januari,1.62,2025,1/1/2025
KOTA SAMARINDA,Februari,0.72,2025,2/1/2025
KOTA SAMARINDA,Maret,2.58,2025,3/1/2025
KOTA SAMARINDA,April,1.58,2025,4/1/2025
KOTA SAMARINDA,Mei,-0.5,2025,5/1/2025
KOTA SAMARINDA,Juni,0.99,2025,6/1/2025
KOTA SAMARINDA,Juli,2.58,2025,7/1/2025
KOTA SAMARINDA,Agustus,3.35,2025,8/1/2025
KOTA SAMARINDA,September,3.2,2025,9/1/2025
KOTA SAMARINDA,Oktober,2.12,2025,10/1/2025
KOTA SAMARINDA,November,1.62,2025,11/1/2025
KOTA SAMARINDA,Desember,3.57,2025,12/1/2025
KOTA SAMARINDA,Januari,2.36,2026,1/1/2026
KOTA SAMARINDA,Februari,4.52,2026,2/1/2026
KOTA SAMARINDA,Maret,3.5,2026,3/1/2026
KOTA SAMARINDA,April,2.53,2026,4/1/2026
KOTA SAMARINDA,Mei,4.44,2026,5/1/2026
KOTA SEMARANG,Januari,4.82,2024,1/1/2024
KOTA SEMARANG,Februari,6.88,2024,2/1/2024
KOTA SEMARANG,Maret,9.23,2024,3/1/2024
KOTA SEMARANG,April,8.89,2024,4/1/2024
KOTA SEMARANG,Mei,6.68,2024,5/1/2024
KOTA SEMARANG,Juni,4.86,2024,6/1/2024
KOTA SEMARANG,Juli,3.4,2024,7/1/2024
KOTA SEMARANG,Agustus,2.72,2024,8/1/2024
KOTA SEMARANG,September,1.65,2024,9/1/2024
KOTA SEMARANG,Oktober,1.94,2024,10/1/2024
KOTA SEMARANG,November,0.51,2024,11/1/2024
KOTA SEMARANG,Desember,1.74,2024,12/1/2024
KOTA SEMARANG,Januari,4.84,2025,1/1/2025
KOTA SEMARANG,Februari,1.7,2025,2/1/2025
KOTA SEMARANG,Maret,0.8,2025,3/1/2025
KOTA SEMARANG,April,0.45,2025,4/1/2025
KOTA SEMARANG,Mei,-0.38,2025,5/1/2025
KOTA SEMARANG,Juni,2.24,2025,6/1/2025
KOTA SEMARANG,Juli,3.54,2025,7/1/2025
KOTA SEMARANG,Agustus,3.72,2025,8/1/2025
KOTA SEMARANG,September,4.65,2025,9/1/2025
KOTA SEMARANG,Oktober,4.68,2025,10/1/2025
KOTA SEMARANG,November,4.68,2025,11/1/2025
KOTA SEMARANG,Desember,4.13,2025,12/1/2025
KOTA SEMARANG,Januari,-0.5,2026,1/1/2026
KOTA SEMARANG,Februari,2.68,2026,2/1/2026
KOTA SEMARANG,Maret,2.71,2026,3/1/2026
KOTA SEMARANG,April,2.06,2026,4/1/2026
KOTA SEMARANG,Mei,4.39,2026,5/1/2026
KOTA SERANG,Januari,3.72,2024,1/1/2024
KOTA SERANG,Februari,7.3,2024,2/1/2024
KOTA SERANG,Maret,10.17,2024,3/1/2024
KOTA SERANG,April,10.35,2024,4/1/2024
KOTA SERANG,Mei,6.38,2024,5/1/2024
KOTA SERANG,Juni,5.78,2024,6/1/2024
KOTA SERANG,Juli,3.35,2024,7/1/2024
KOTA SERANG,Agustus,2.96,2024,8/1/2024
KOTA SERANG,September,1.78,2024,9/1/2024
KOTA SERANG,Oktober,1.81,2024,10/1/2024
KOTA SERANG,November,1.7,2024,11/1/2024
KOTA SERANG,Desember,1.53,2024,12/1/2024
KOTA SERANG,Januari,3.35,2025,1/1/2025
KOTA SERANG,Februari,-1.92,2025,2/1/2025
KOTA SERANG,Maret,-1.45,2025,3/1/2025
KOTA SERANG,April,-2.28,2025,4/1/2025
KOTA SERANG,Mei,-1.99,2025,5/1/2025
KOTA SERANG,Juni,-0.69,2025,6/1/2025
KOTA SERANG,Juli,2.79,2025,7/1/2025
KOTA SERANG,Agustus,2.81,2025,8/1/2025
KOTA SERANG,September,4.25,2025,9/1/2025
KOTA SERANG,Oktober,5.93,2025,10/1/2025
KOTA SERANG,November,4.65,2025,11/1/2025
KOTA SERANG,Desember,4.6,2025,12/1/2025
KOTA SERANG,Januari,0.59,2026,1/1/2026
KOTA SERANG,Februari,4.38,2026,2/1/2026
KOTA SERANG,Maret,3.11,2026,3/1/2026
KOTA SERANG,April,2.86,2026,4/1/2026
KOTA SERANG,Mei,6.59,2026,5/1/2026
KOTA SIBOLGA,Januari,1.9,2024,1/1/2024
KOTA SIBOLGA,Februari,5.2,2024,2/1/2024
KOTA SIBOLGA,Maret,9.97,2024,3/1/2024
KOTA SIBOLGA,April,9.9,2024,4/1/2024
KOTA SIBOLGA,Mei,9.97,2024,5/1/2024
KOTA SIBOLGA,Juni,7.93,2024,6/1/2024
KOTA SIBOLGA,Juli,3.72,2024,7/1/2024
KOTA SIBOLGA,Agustus,2.34,2024,8/1/2024
KOTA SIBOLGA,September,-0.4,2024,9/1/2024
KOTA SIBOLGA,Oktober,0.61,2024,10/1/2024
KOTA SIBOLGA,November,3.09,2024,11/1/2024
KOTA SIBOLGA,Desember,5.04,2024,12/1/2024
KOTA SIBOLGA,Januari,4.85,2025,1/1/2025
KOTA SIBOLGA,Februari,1.47,2025,2/1/2025
KOTA SIBOLGA,Maret,-1.62,2025,3/1/2025
KOTA SIBOLGA,April,1.48,2025,4/1/2025
KOTA SIBOLGA,Mei,-0.78,2025,5/1/2025
KOTA SIBOLGA,Juni,-1.5,2025,6/1/2025
KOTA SIBOLGA,Juli,3.81,2025,7/1/2025
KOTA SIBOLGA,Agustus,7.64,2025,8/1/2025
KOTA SIBOLGA,September,10.86,2025,9/1/2025
KOTA SIBOLGA,Oktober,9.33,2025,10/1/2025
KOTA SIBOLGA,November,4.84,2025,11/1/2025
KOTA SIBOLGA,Desember,11.34,2025,12/1/2025
KOTA SIBOLGA,Januari,6.06,2026,1/1/2026
KOTA SIBOLGA,Februari,7.03,2026,2/1/2026
KOTA SIBOLGA,Maret,7.7,2026,3/1/2026
KOTA SIBOLGA,April,5.32,2026,4/1/2026
KOTA SIBOLGA,Mei,10.05,2026,5/1/2026
KOTA SINGKAWANG,Januari,1.93,2024,1/1/2024
KOTA SINGKAWANG,Februari,4.16,2024,2/1/2024
KOTA SINGKAWANG,Maret,5.09,2024,3/1/2024
KOTA SINGKAWANG,April,4.41,2024,4/1/2024
KOTA SINGKAWANG,Mei,2.51,2024,5/1/2024
KOTA SINGKAWANG,Juni,0.77,2024,6/1/2024
KOTA SINGKAWANG,Juli,0.56,2024,7/1/2024
KOTA SINGKAWANG,Agustus,-0.07,2024,8/1/2024
KOTA SINGKAWANG,September,1.1,2024,9/1/2024
KOTA SINGKAWANG,Oktober,0.72,2024,10/1/2024
KOTA SINGKAWANG,November,1.03,2024,11/1/2024
KOTA SINGKAWANG,Desember,1.92,2024,12/1/2024
KOTA SINGKAWANG,Januari,3.66,2025,1/1/2025
KOTA SINGKAWANG,Februari,3.97,2025,2/1/2025
KOTA SINGKAWANG,Maret,2.59,2025,3/1/2025
KOTA SINGKAWANG,April,0.84,2025,4/1/2025
KOTA SINGKAWANG,Mei,0.32,2025,5/1/2025
KOTA SINGKAWANG,Juni,1.54,2025,6/1/2025
KOTA SINGKAWANG,Juli,2.87,2025,7/1/2025
KOTA SINGKAWANG,Agustus,3.24,2025,8/1/2025
KOTA SINGKAWANG,September,2.32,2025,9/1/2025
KOTA SINGKAWANG,Oktober,2.49,2025,10/1/2025
KOTA SINGKAWANG,November,3.04,2025,11/1/2025
KOTA SINGKAWANG,Desember,2.77,2025,12/1/2025
KOTA SINGKAWANG,Januari,0.84,2026,1/1/2026
KOTA SINGKAWANG,Februari,1.29,2026,2/1/2026
KOTA SINGKAWANG,Maret,2.6,2026,3/1/2026
KOTA SINGKAWANG,April,4.19,2026,4/1/2026
KOTA SINGKAWANG,Mei,3.95,2026,5/1/2026
KOTA SORONG,Januari,0.2,2024,1/1/2024
KOTA SORONG,Februari,0.89,2024,2/1/2024
KOTA SORONG,Maret,-0.79,2024,3/1/2024
KOTA SORONG,April,1.95,2024,4/1/2024
KOTA SORONG,Mei,-0.6,2024,5/1/2024
KOTA SORONG,Juni,-0.28,2024,6/1/2024
KOTA SORONG,Juli,1.19,2024,7/1/2024
KOTA SORONG,Agustus,1.38,2024,8/1/2024
KOTA SORONG,September,4.19,2024,9/1/2024
KOTA SORONG,Oktober,1.13,2024,10/1/2024
KOTA SORONG,November,3.78,2024,11/1/2024
KOTA SORONG,Desember,3.02,2024,12/1/2024
KOTA SORONG,Januari,3.49,2025,1/1/2025
KOTA SORONG,Februari,1.07,2025,2/1/2025
KOTA SORONG,Maret,-0.23,2025,3/1/2025
KOTA SORONG,April,-1.03,2025,4/1/2025
KOTA SORONG,Mei,-2.26,2025,5/1/2025
KOTA SORONG,Juni,-3.05,2025,6/1/2025
KOTA SORONG,Juli,-0.85,2025,7/1/2025
KOTA SORONG,Agustus,1.44,2025,8/1/2025
KOTA SORONG,September,-1.22,2025,9/1/2025
KOTA SORONG,Oktober,0.24,2025,10/1/2025
KOTA SORONG,November,-0.03,2025,11/1/2025
KOTA SORONG,Desember,2.56,2025,12/1/2025
KOTA SORONG,Januari,3.12,2026,1/1/2026
KOTA SORONG,Februari,3.09,2026,2/1/2026
KOTA SORONG,Maret,9.06,2026,3/1/2026
KOTA SORONG,April,7.53,2026,4/1/2026
KOTA SORONG,Mei,6.59,2026,5/1/2026
KOTA SUKABUMI,Januari,5.79,2024,1/1/2024
KOTA SUKABUMI,Februari,6.61,2024,2/1/2024
KOTA SUKABUMI,Maret,8.29,2024,3/1/2024
KOTA SUKABUMI,April,7.8,2024,4/1/2024
KOTA SUKABUMI,Mei,6.51,2024,5/1/2024
KOTA SUKABUMI,Juni,4.74,2024,6/1/2024
KOTA SUKABUMI,Juli,3.64,2024,7/1/2024
KOTA SUKABUMI,Agustus,3.48,2024,8/1/2024
KOTA SUKABUMI,September,2.06,2024,9/1/2024
KOTA SUKABUMI,Oktober,2.11,2024,10/1/2024
KOTA SUKABUMI,November,1.03,2024,11/1/2024
KOTA SUKABUMI,Desember,3.66,2024,12/1/2024
KOTA SUKABUMI,Januari,4.02,2025,1/1/2025
KOTA SUKABUMI,Februari,2.29,2025,2/1/2025
KOTA SUKABUMI,Maret,2.18,2025,3/1/2025
KOTA SUKABUMI,April,1.26,2025,4/1/2025
KOTA SUKABUMI,Mei,1.4,2025,5/1/2025
KOTA SUKABUMI,Juni,3.3,2025,6/1/2025
KOTA SUKABUMI,Juli,4.4,2025,7/1/2025
KOTA SUKABUMI,Agustus,4.21,2025,8/1/2025
KOTA SUKABUMI,September,5.07,2025,9/1/2025
KOTA SUKABUMI,Oktober,5.43,2025,10/1/2025
KOTA SUKABUMI,November,5.21,2025,11/1/2025
KOTA SUKABUMI,Desember,3.15,2025,12/1/2025
KOTA SUKABUMI,Januari,0.78,2026,1/1/2026
KOTA SUKABUMI,Februari,3.41,2026,2/1/2026
KOTA SUKABUMI,Maret,3.67,2026,3/1/2026
KOTA SUKABUMI,April,4.11,2026,4/1/2026
KOTA SUKABUMI,Mei,5.16,2026,5/1/2026
KOTA SURABAYA,Januari,5.24,2024,1/1/2024
KOTA SURABAYA,Februari,7.4,2024,2/1/2024
KOTA SURABAYA,Maret,8.75,2024,3/1/2024
KOTA SURABAYA,April,8.99,2024,4/1/2024
KOTA SURABAYA,Mei,7.42,2024,5/1/2024
KOTA SURABAYA,Juni,5.11,2024,6/1/2024
KOTA SURABAYA,Juli,4.39,2024,7/1/2024
KOTA SURABAYA,Agustus,3.72,2024,8/1/2024
KOTA SURABAYA,September,2.06,2024,9/1/2024
KOTA SURABAYA,Oktober,2.13,2024,10/1/2024
KOTA SURABAYA,November,1.33,2024,11/1/2024
KOTA SURABAYA,Desember,1.87,2024,12/1/2024
KOTA SURABAYA,Januari,4.16,2025,1/1/2025
KOTA SURABAYA,Februari,1.31,2025,2/1/2025
KOTA SURABAYA,Maret,1.08,2025,3/1/2025
KOTA SURABAYA,April,-0.49,2025,4/1/2025
KOTA SURABAYA,Mei,-0.83,2025,5/1/2025
KOTA SURABAYA,Juni,2.1,2025,6/1/2025
KOTA SURABAYA,Juli,3.06,2025,7/1/2025
KOTA SURABAYA,Agustus,3.3,2025,8/1/2025
KOTA SURABAYA,September,4.99,2025,9/1/2025
KOTA SURABAYA,Oktober,4.82,2025,10/1/2025
KOTA SURABAYA,November,4.48,2025,11/1/2025
KOTA SURABAYA,Desember,5,2025,12/1/2025
KOTA SURABAYA,Januari,1.52,2026,1/1/2026
KOTA SURABAYA,Februari,5.01,2026,2/1/2026
KOTA SURABAYA,Maret,4.54,2026,3/1/2026
KOTA SURABAYA,April,4.67,2026,4/1/2026
KOTA SURABAYA,Mei,6.66,2026,5/1/2026
KOTA SURAKARTA,Januari,7.16,2024,1/1/2024
KOTA SURAKARTA,Februari,9.06,2024,2/1/2024
KOTA SURAKARTA,Maret,10.97,2024,3/1/2024
KOTA SURAKARTA,April,11.12,2024,4/1/2024
KOTA SURAKARTA,Mei,8.49,2024,5/1/2024
KOTA SURAKARTA,Juni,5.97,2024,6/1/2024
KOTA SURAKARTA,Juli,4.26,2024,7/1/2024
KOTA SURAKARTA,Agustus,3.57,2024,8/1/2024
KOTA SURAKARTA,September,1.64,2024,9/1/2024
KOTA SURAKARTA,Oktober,1.56,2024,10/1/2024
KOTA SURAKARTA,November,-0.61,2024,11/1/2024
KOTA SURAKARTA,Desember,0.39,2024,12/1/2024
KOTA SURAKARTA,Januari,4.24,2025,1/1/2025
KOTA SURAKARTA,Februari,0.36,2025,2/1/2025
KOTA SURAKARTA,Maret,0.45,2025,3/1/2025
KOTA SURAKARTA,April,-0.91,2025,4/1/2025
KOTA SURAKARTA,Mei,-1.71,2025,5/1/2025
KOTA SURAKARTA,Juni,0.94,2025,6/1/2025
KOTA SURAKARTA,Juli,1.89,2025,7/1/2025
KOTA SURAKARTA,Agustus,1.73,2025,8/1/2025
KOTA SURAKARTA,September,3.74,2025,9/1/2025
KOTA SURAKARTA,Oktober,4.64,2025,10/1/2025
KOTA SURAKARTA,November,5.26,2025,11/1/2025
KOTA SURAKARTA,Desember,5.14,2025,12/1/2025
KOTA SURAKARTA,Januari,-0.16,2026,1/1/2026
KOTA SURAKARTA,Februari,3.45,2026,2/1/2026
KOTA SURAKARTA,Maret,3.06,2026,3/1/2026
KOTA SURAKARTA,April,2.53,2026,4/1/2026
KOTA SURAKARTA,Mei,5.2,2026,5/1/2026
KOTA TANGERANG,Januari,6.79,2024,1/1/2024
KOTA TANGERANG,Februari,6.74,2024,2/1/2024
KOTA TANGERANG,Maret,8.9,2024,3/1/2024
KOTA TANGERANG,April,7.24,2024,4/1/2024
KOTA TANGERANG,Mei,5.63,2024,5/1/2024
KOTA TANGERANG,Juni,4.73,2024,6/1/2024
KOTA TANGERANG,Juli,2.64,2024,7/1/2024
KOTA TANGERANG,Agustus,2.77,2024,8/1/2024
KOTA TANGERANG,September,0.19,2024,9/1/2024
KOTA TANGERANG,Oktober,-0.47,2024,10/1/2024
KOTA TANGERANG,November,-0.9,2024,11/1/2024
KOTA TANGERANG,Desember,-1.56,2024,12/1/2024
KOTA TANGERANG,Januari,1.07,2025,1/1/2025
KOTA TANGERANG,Februari,0.03,2025,2/1/2025
KOTA TANGERANG,Maret,-1.1,2025,3/1/2025
KOTA TANGERANG,April,-0.25,2025,4/1/2025
KOTA TANGERANG,Mei,-0.81,2025,5/1/2025
KOTA TANGERANG,Juni,0.1,2025,6/1/2025
KOTA TANGERANG,Juli,2.34,2025,7/1/2025
KOTA TANGERANG,Agustus,2.02,2025,8/1/2025
KOTA TANGERANG,September,3.93,2025,9/1/2025
KOTA TANGERANG,Oktober,4.9,2025,10/1/2025
KOTA TANGERANG,November,4.51,2025,11/1/2025
KOTA TANGERANG,Desember,4.68,2025,12/1/2025
KOTA TANGERANG,Januari,1.07,2026,1/1/2026
KOTA TANGERANG,Februari,4,2026,2/1/2026
KOTA TANGERANG,Maret,4.21,2026,3/1/2026
KOTA TANGERANG,April,1.74,2026,4/1/2026
KOTA TANGERANG,Mei,4.33,2026,5/1/2026
KOTA TANJUNG PINANG,Januari,5.1,2024,1/1/2024
KOTA TANJUNG PINANG,Februari,3.92,2024,2/1/2024
KOTA TANJUNG PINANG,Maret,5.73,2024,3/1/2024
KOTA TANJUNG PINANG,April,4.91,2024,4/1/2024
KOTA TANJUNG PINANG,Mei,7.84,2024,5/1/2024
KOTA TANJUNG PINANG,Juni,6.75,2024,6/1/2024
KOTA TANJUNG PINANG,Juli,4.08,2024,7/1/2024
KOTA TANJUNG PINANG,Agustus,3.66,2024,8/1/2024
KOTA TANJUNG PINANG,September,2.03,2024,9/1/2024
KOTA TANJUNG PINANG,Oktober,1.41,2024,10/1/2024
KOTA TANJUNG PINANG,November,-0.18,2024,11/1/2024
KOTA TANJUNG PINANG,Desember,2.87,2024,12/1/2024
KOTA TANJUNG PINANG,Januari,3.07,2025,1/1/2025
KOTA TANJUNG PINANG,Februari,2.68,2025,2/1/2025
KOTA TANJUNG PINANG,Maret,0.75,2025,3/1/2025
KOTA TANJUNG PINANG,April,2.13,2025,4/1/2025
KOTA TANJUNG PINANG,Mei,-1.68,2025,5/1/2025
KOTA TANJUNG PINANG,Juni,-2.46,2025,6/1/2025
KOTA TANJUNG PINANG,Juli,0.3,2025,7/1/2025
KOTA TANJUNG PINANG,Agustus,1.84,2025,8/1/2025
KOTA TANJUNG PINANG,September,4.1,2025,9/1/2025
KOTA TANJUNG PINANG,Oktober,4.64,2025,10/1/2025
KOTA TANJUNG PINANG,November,3.73,2025,11/1/2025
KOTA TANJUNG PINANG,Desember,5.3,2025,12/1/2025
KOTA TANJUNG PINANG,Januari,1.99,2026,1/1/2026
KOTA TANJUNG PINANG,Februari,4.1,2026,2/1/2026
KOTA TANJUNG PINANG,Maret,3.99,2026,3/1/2026
KOTA TANJUNG PINANG,April,3.2,2026,4/1/2026
KOTA TANJUNG PINANG,Mei,6.98,2026,5/1/2026
KOTA TARAKAN,Januari,2.83,2024,1/1/2024
KOTA TARAKAN,Februari,5.14,2024,2/1/2024
KOTA TARAKAN,Maret,5.63,2024,3/1/2024
KOTA TARAKAN,April,6.18,2024,4/1/2024
KOTA TARAKAN,Mei,6.12,2024,5/1/2024
KOTA TARAKAN,Juni,5.32,2024,6/1/2024
KOTA TARAKAN,Juli,4.55,2024,7/1/2024
KOTA TARAKAN,Agustus,3.08,2024,8/1/2024
KOTA TARAKAN,September,2.57,2024,9/1/2024
KOTA TARAKAN,Oktober,2.6,2024,10/1/2024
KOTA TARAKAN,November,2.6,2024,11/1/2024
KOTA TARAKAN,Desember,2.93,2024,12/1/2024
KOTA TARAKAN,Januari,3.34,2025,1/1/2025
KOTA TARAKAN,Februari,3.26,2025,2/1/2025
KOTA TARAKAN,Maret,3.72,2025,3/1/2025
KOTA TARAKAN,April,1.6,2025,4/1/2025
KOTA TARAKAN,Mei,1.01,2025,5/1/2025
KOTA TARAKAN,Juni,-0.11,2025,6/1/2025
KOTA TARAKAN,Juli,2.31,2025,7/1/2025
KOTA TARAKAN,Agustus,3.3,2025,8/1/2025
KOTA TARAKAN,September,4.52,2025,9/1/2025
KOTA TARAKAN,Oktober,3.8,2025,10/1/2025
KOTA TARAKAN,November,3.85,2025,11/1/2025
KOTA TARAKAN,Desember,2.67,2025,12/1/2025
KOTA TARAKAN,Januari,0.84,2026,1/1/2026
KOTA TARAKAN,Februari,0.37,2026,2/1/2026
KOTA TARAKAN,Maret,1.48,2026,3/1/2026
KOTA TARAKAN,April,1.94,2026,4/1/2026
KOTA TARAKAN,Mei,2,2026,5/1/2026
KOTA TASIKMALAYA,Januari,4.93,2024,1/1/2024
KOTA TASIKMALAYA,Februari,7.32,2024,2/1/2024
KOTA TASIKMALAYA,Maret,9.64,2024,3/1/2024
KOTA TASIKMALAYA,April,8.03,2024,4/1/2024
KOTA TASIKMALAYA,Mei,5.42,2024,5/1/2024
KOTA TASIKMALAYA,Juni,4.83,2024,6/1/2024
KOTA TASIKMALAYA,Juli,4.44,2024,7/1/2024
KOTA TASIKMALAYA,Agustus,3.78,2024,8/1/2024
KOTA TASIKMALAYA,September,2.48,2024,9/1/2024
KOTA TASIKMALAYA,Oktober,1.97,2024,10/1/2024
KOTA TASIKMALAYA,November,1.2,2024,11/1/2024
KOTA TASIKMALAYA,Desember,2.36,2024,12/1/2024
KOTA TASIKMALAYA,Januari,2.82,2025,1/1/2025
KOTA TASIKMALAYA,Februari,-0.71,2025,2/1/2025
KOTA TASIKMALAYA,Maret,-1.69,2025,3/1/2025
KOTA TASIKMALAYA,April,-2.17,2025,4/1/2025
KOTA TASIKMALAYA,Mei,-1.53,2025,5/1/2025
KOTA TASIKMALAYA,Juni,-0.33,2025,6/1/2025
KOTA TASIKMALAYA,Juli,0.6,2025,7/1/2025
KOTA TASIKMALAYA,Agustus,0.6,2025,8/1/2025
KOTA TASIKMALAYA,September,2.3,2025,9/1/2025
KOTA TASIKMALAYA,Oktober,3.47,2025,10/1/2025
KOTA TASIKMALAYA,November,3.53,2025,11/1/2025
KOTA TASIKMALAYA,Desember,3.44,2025,12/1/2025
KOTA TASIKMALAYA,Januari,1.12,2026,1/1/2026
KOTA TASIKMALAYA,Februari,3.41,2026,2/1/2026
KOTA TASIKMALAYA,Maret,4.27,2026,3/1/2026
KOTA TASIKMALAYA,April,3.77,2026,4/1/2026
KOTA TASIKMALAYA,Mei,4.33,2026,5/1/2026
KOTA TEGAL,Januari,5.88,2024,1/1/2024
KOTA TEGAL,Februari,7.91,2024,2/1/2024
KOTA TEGAL,Maret,10.07,2024,3/1/2024
KOTA TEGAL,April,9.88,2024,4/1/2024
KOTA TEGAL,Mei,6.39,2024,5/1/2024
KOTA TEGAL,Juni,4.77,2024,6/1/2024
KOTA TEGAL,Juli,3.64,2024,7/1/2024
KOTA TEGAL,Agustus,3.3,2024,8/1/2024
KOTA TEGAL,September,1.91,2024,9/1/2024
KOTA TEGAL,Oktober,1.76,2024,10/1/2024
KOTA TEGAL,November,0.7,2024,11/1/2024
KOTA TEGAL,Desember,1.54,2024,12/1/2024
KOTA TEGAL,Januari,4.34,2025,1/1/2025
KOTA TEGAL,Februari,0.93,2025,2/1/2025
KOTA TEGAL,Maret,1.26,2025,3/1/2025
KOTA TEGAL,April,0.09,2025,4/1/2025
KOTA TEGAL,Mei,-0.06,2025,5/1/2025
KOTA TEGAL,Juni,1.22,2025,6/1/2025
KOTA TEGAL,Juli,3.01,2025,7/1/2025
KOTA TEGAL,Agustus,3.29,2025,8/1/2025
KOTA TEGAL,September,4.72,2025,9/1/2025
KOTA TEGAL,Oktober,4.93,2025,10/1/2025
KOTA TEGAL,November,4.37,2025,11/1/2025
KOTA TEGAL,Desember,4.24,2025,12/1/2025
KOTA TEGAL,Januari,0.05,2026,1/1/2026
KOTA TEGAL,Februari,3.43,2026,2/1/2026
KOTA TEGAL,Maret,3.3,2026,3/1/2026
KOTA TEGAL,April,3.09,2026,4/1/2026
KOTA TEGAL,Mei,5.17,2026,5/1/2026
KOTA TERNATE,Januari,7.02,2024,1/1/2024
KOTA TERNATE,Februari,-0.33,2024,2/1/2024
KOTA TERNATE,Maret,6.88,2024,3/1/2024
KOTA TERNATE,April,7.26,2024,4/1/2024
KOTA TERNATE,Mei,7.87,2024,5/1/2024
KOTA TERNATE,Juni,8.97,2024,6/1/2024
KOTA TERNATE,Juli,9.4,2024,7/1/2024
KOTA TERNATE,Agustus,7.21,2024,8/1/2024
KOTA TERNATE,September,10.8,2024,9/1/2024
KOTA TERNATE,Oktober,6.5,2024,10/1/2024
KOTA TERNATE,November,8.98,2024,11/1/2024
KOTA TERNATE,Desember,4.85,2024,12/1/2024
KOTA TERNATE,Januari,1.04,2025,1/1/2025
KOTA TERNATE,Februari,3.79,2025,2/1/2025
KOTA TERNATE,Maret,7.08,2025,3/1/2025
KOTA TERNATE,April,7.59,2025,4/1/2025
KOTA TERNATE,Mei,2.46,2025,5/1/2025
KOTA TERNATE,Juni,4.31,2025,6/1/2025
KOTA TERNATE,Juli,5.59,2025,7/1/2025
KOTA TERNATE,Agustus,0.42,2025,8/1/2025
KOTA TERNATE,September,-2.4,2025,9/1/2025
KOTA TERNATE,Oktober,1.77,2025,10/1/2025
KOTA TERNATE,November,3.2,2025,11/1/2025
KOTA TERNATE,Desember,0.82,2025,12/1/2025
KOTA TERNATE,Januari,9.11,2026,1/1/2026
KOTA TERNATE,Februari,11.63,2026,2/1/2026
KOTA TERNATE,Maret,4.72,2026,3/1/2026
KOTA TERNATE,April,2.3,2026,4/1/2026
KOTA TERNATE,Mei,4.49,2026,5/1/2026
KOTA TUAL,Januari,1.39,2024,1/1/2024
KOTA TUAL,Februari,3.59,2024,2/1/2024
KOTA TUAL,Maret,4.26,2024,3/1/2024
KOTA TUAL,April,4.35,2024,4/1/2024
KOTA TUAL,Mei,8.27,2024,5/1/2024
KOTA TUAL,Juni,7.03,2024,6/1/2024
KOTA TUAL,Juli,5.65,2024,7/1/2024
KOTA TUAL,Agustus,3.24,2024,8/1/2024
KOTA TUAL,September,1.36,2024,9/1/2024
KOTA TUAL,Oktober,6.14,2024,10/1/2024
KOTA TUAL,November,0.59,2024,11/1/2024
KOTA TUAL,Desember,0.12,2024,12/1/2024
KOTA TUAL,Januari,0.79,2025,1/1/2025
KOTA TUAL,Februari,1.25,2025,2/1/2025
KOTA TUAL,Maret,0.21,2025,3/1/2025
KOTA TUAL,April,1.06,2025,4/1/2025
KOTA TUAL,Mei,-3.08,2025,5/1/2025
KOTA TUAL,Juni,0.71,2025,6/1/2025
KOTA TUAL,Juli,4.74,2025,7/1/2025
KOTA TUAL,Agustus,3.5,2025,8/1/2025
KOTA TUAL,September,2.68,2025,9/1/2025
KOTA TUAL,Oktober,-1.83,2025,10/1/2025
KOTA TUAL,November,4.98,2025,11/1/2025
KOTA TUAL,Desember,5.3,2025,12/1/2025
KOTA TUAL,Januari,12.63,2026,1/1/2026
KOTA TUAL,Februari,6.99,2026,2/1/2026
KOTA TUAL,Maret,9.23,2026,3/1/2026
KOTA TUAL,April,6.63,2026,4/1/2026
KOTA TUAL,Mei,6.6,2026,5/1/2026
KOTA YOGYAKARTA,Januari,6.13,2024,1/1/2024
KOTA YOGYAKARTA,Februari,6.5,2024,2/1/2024
KOTA YOGYAKARTA,Maret,6.88,2024,3/1/2024
KOTA YOGYAKARTA,April,6.97,2024,4/1/2024
KOTA YOGYAKARTA,Mei,6.09,2024,5/1/2024
KOTA YOGYAKARTA,Juni,4.78,2024,6/1/2024
KOTA YOGYAKARTA,Juli,3.18,2024,7/1/2024
KOTA YOGYAKARTA,Agustus,3.28,2024,8/1/2024
KOTA YOGYAKARTA,September,1.59,2024,9/1/2024
KOTA YOGYAKARTA,Oktober,1.61,2024,10/1/2024
KOTA YOGYAKARTA,November,0.59,2024,11/1/2024
KOTA YOGYAKARTA,Desember,1.15,2024,12/1/2024
KOTA YOGYAKARTA,Januari,3.83,2025,1/1/2025
KOTA YOGYAKARTA,Februari,1.52,2025,2/1/2025
KOTA YOGYAKARTA,Maret,1.06,2025,3/1/2025
KOTA YOGYAKARTA,April,0.85,2025,4/1/2025
KOTA YOGYAKARTA,Mei,-0.55,2025,5/1/2025
KOTA YOGYAKARTA,Juni,1.61,2025,6/1/2025
KOTA YOGYAKARTA,Juli,2.95,2025,7/1/2025
KOTA YOGYAKARTA,Agustus,2.83,2025,8/1/2025
KOTA YOGYAKARTA,September,4.22,2025,9/1/2025
KOTA YOGYAKARTA,Oktober,4.55,2025,10/1/2025
KOTA YOGYAKARTA,November,4.94,2025,11/1/2025
KOTA YOGYAKARTA,Desember,5.07,2025,12/1/2025
KOTA YOGYAKARTA,Januari,0.22,2026,1/1/2026
KOTA YOGYAKARTA,Februari,3.13,2026,2/1/2026
KOTA YOGYAKARTA,Maret,2.94,2026,3/1/2026
KOTA YOGYAKARTA,April,2.55,2026,4/1/2026
KOTA YOGYAKARTA,Mei,3.47,2026,5/1/2026
KOTABARU,Januari,6.11,2024,1/1/2024
KOTABARU,Februari,5.22,2024,2/1/2024
KOTABARU,Maret,6.54,2024,3/1/2024
KOTABARU,April,7.85,2024,4/1/2024
KOTABARU,Mei,6.45,2024,5/1/2024
KOTABARU,Juni,4.41,2024,6/1/2024
KOTABARU,Juli,0.94,2024,7/1/2024
KOTABARU,Agustus,0.61,2024,8/1/2024
KOTABARU,September,0.89,2024,9/1/2024
KOTABARU,Oktober,-0.71,2024,10/1/2024
KOTABARU,November,-1.48,2024,11/1/2024
KOTABARU,Desember,-2.3,2024,12/1/2024
KOTABARU,Januari,-0.55,2025,1/1/2025
KOTABARU,Februari,0.21,2025,2/1/2025
KOTABARU,Maret,2.22,2025,3/1/2025
KOTABARU,April,-0.86,2025,4/1/2025
KOTABARU,Mei,-0.96,2025,5/1/2025
KOTABARU,Juni,0.26,2025,6/1/2025
KOTABARU,Juli,2.95,2025,7/1/2025
KOTABARU,Agustus,4.85,2025,8/1/2025
KOTABARU,September,3.46,2025,9/1/2025
KOTABARU,Oktober,3.39,2025,10/1/2025
KOTABARU,November,3.92,2025,11/1/2025
KOTABARU,Desember,4.42,2025,12/1/2025
KOTABARU,Januari,3.78,2026,1/1/2026
KOTABARU,Februari,3.75,2026,2/1/2026
KOTABARU,Maret,1.83,2026,3/1/2026
KOTABARU,April,4.07,2026,4/1/2026
KOTABARU,Mei,5.04,2026,5/1/2026
KUDUS,Januari,6.44,2024,1/1/2024
KUDUS,Februari,8.21,2024,2/1/2024
KUDUS,Maret,9.37,2024,3/1/2024
KUDUS,April,7.91,2024,4/1/2024
KUDUS,Mei,5.84,2024,5/1/2024
KUDUS,Juni,3.95,2024,6/1/2024
KUDUS,Juli,2.93,2024,7/1/2024
KUDUS,Agustus,1.96,2024,8/1/2024
KUDUS,September,0.55,2024,9/1/2024
KUDUS,Oktober,0.75,2024,10/1/2024
KUDUS,November,-0.77,2024,11/1/2024
KUDUS,Desember,0.85,2024,12/1/2024
KUDUS,Januari,3.45,2025,1/1/2025
KUDUS,Februari,0.61,2025,2/1/2025
KUDUS,Maret,1.21,2025,3/1/2025
KUDUS,April,1.44,2025,4/1/2025
KUDUS,Mei,0.25,2025,5/1/2025
KUDUS,Juni,2.26,2025,6/1/2025
KUDUS,Juli,3.42,2025,7/1/2025
KUDUS,Agustus,3.67,2025,8/1/2025
KUDUS,September,4.53,2025,9/1/2025
KUDUS,Oktober,5.21,2025,10/1/2025
KUDUS,November,4.83,2025,11/1/2025
KUDUS,Desember,4.41,2025,12/1/2025
KUDUS,Januari,0.39,2026,1/1/2026
KUDUS,Februari,3.26,2026,2/1/2026
KUDUS,Maret,2.28,2026,3/1/2026
KUDUS,April,1.67,2026,4/1/2026
KUDUS,Mei,4.03,2026,5/1/2026
LUWUK,Januari,5.37,2024,1/1/2024
LUWUK,Februari,5.82,2024,2/1/2024
LUWUK,Maret,0.89,2024,3/1/2024
LUWUK,April,-0.72,2024,4/1/2024
LUWUK,Mei,1.77,2024,5/1/2024
LUWUK,Juni,0.45,2024,6/1/2024
LUWUK,Juli,-1.01,2024,7/1/2024
LUWUK,Agustus,-1.25,2024,8/1/2024
LUWUK,September,-1.99,2024,9/1/2024
LUWUK,Oktober,-0.33,2024,10/1/2024
LUWUK,November,-0.27,2024,11/1/2024
LUWUK,Desember,-1.01,2024,12/1/2024
LUWUK,Januari,-0.83,2025,1/1/2025
LUWUK,Februari,0.59,2025,2/1/2025
LUWUK,Maret,1.82,2025,3/1/2025
LUWUK,April,8.66,2025,4/1/2025
LUWUK,Mei,5.99,2025,5/1/2025
LUWUK,Juni,5.26,2025,6/1/2025
LUWUK,Juli,7.79,2025,7/1/2025
LUWUK,Agustus,9.54,2025,8/1/2025
LUWUK,September,10.67,2025,9/1/2025
LUWUK,Oktober,10.14,2025,10/1/2025
LUWUK,November,8.44,2025,11/1/2025
LUWUK,Desember,9.21,2025,12/1/2025
LUWUK,Januari,8.88,2026,1/1/2026
LUWUK,Februari,9.91,2026,2/1/2026
LUWUK,Maret,11.73,2026,3/1/2026
LUWUK,April,8.39,2026,4/1/2026
LUWUK,Mei,8.41,2026,5/1/2026
MAMUJU,Januari,-1.92,2024,1/1/2024
MAMUJU,Februari,1.34,2024,2/1/2024
MAMUJU,Maret,5.72,2024,3/1/2024
MAMUJU,April,5.53,2024,4/1/2024
MAMUJU,Mei,4.58,2024,5/1/2024
MAMUJU,Juni,5.51,2024,6/1/2024
MAMUJU,Juli,3.36,2024,7/1/2024
MAMUJU,Agustus,2.47,2024,8/1/2024
MAMUJU,September,4.51,2024,9/1/2024
MAMUJU,Oktober,3.41,2024,10/1/2024
MAMUJU,November,3.66,2024,11/1/2024
MAMUJU,Desember,5.28,2024,12/1/2024
MAMUJU,Januari,8.07,2025,1/1/2025
MAMUJU,Februari,5.04,2025,2/1/2025
MAMUJU,Maret,4.25,2025,3/1/2025
MAMUJU,April,9.18,2025,4/1/2025
MAMUJU,Mei,7.93,2025,5/1/2025
MAMUJU,Juni,3.91,2025,6/1/2025
MAMUJU,Juli,8.1,2025,7/1/2025
MAMUJU,Agustus,7.97,2025,8/1/2025
MAMUJU,September,6.54,2025,9/1/2025
MAMUJU,Oktober,7.03,2025,10/1/2025
MAMUJU,November,7.22,2025,11/1/2025
MAMUJU,Desember,8.92,2025,12/1/2025
MAMUJU,Januari,12.35,2026,1/1/2026
MAMUJU,Februari,11.63,2026,2/1/2026
MAMUJU,Maret,6.72,2026,3/1/2026
MAMUJU,April,2.1,2026,4/1/2026
MAMUJU,Mei,1.26,2026,5/1/2026
MANOKWARI,Januari,4.69,2024,1/1/2024
MANOKWARI,Februari,7.35,2024,2/1/2024
MANOKWARI,Maret,12.55,2024,3/1/2024
MANOKWARI,April,8.6,2024,4/1/2024
MANOKWARI,Mei,10.38,2024,5/1/2024
MANOKWARI,Juni,8.14,2024,6/1/2024
MANOKWARI,Juli,5.23,2024,7/1/2024
MANOKWARI,Agustus,4.5,2024,8/1/2024
MANOKWARI,September,5.94,2024,9/1/2024
MANOKWARI,Oktober,4.12,2024,10/1/2024
MANOKWARI,November,7.62,2024,11/1/2024
MANOKWARI,Desember,8.25,2024,12/1/2024
MANOKWARI,Januari,3.47,2025,1/1/2025
MANOKWARI,Februari,-1.66,2025,2/1/2025
MANOKWARI,Maret,-2.9,2025,3/1/2025
MANOKWARI,April,-1.91,2025,4/1/2025
MANOKWARI,Mei,-7.19,2025,5/1/2025
MANOKWARI,Juni,-5.25,2025,6/1/2025
MANOKWARI,Juli,-0.07,2025,7/1/2025
MANOKWARI,Agustus,-3.1,2025,8/1/2025
MANOKWARI,September,0.32,2025,9/1/2025
MANOKWARI,Oktober,1.07,2025,10/1/2025
MANOKWARI,November,-0.98,2025,11/1/2025
MANOKWARI,Desember,1.78,2025,12/1/2025
MANOKWARI,Januari,3.22,2026,1/1/2026
MANOKWARI,Februari,6.04,2026,2/1/2026
MANOKWARI,Maret,5.57,2026,3/1/2026
MANOKWARI,April,6.5,2026,4/1/2026
MANOKWARI,Mei,7.71,2026,5/1/2026
MAUMERE,Januari,6.01,2024,1/1/2024
MAUMERE,Februari,6.12,2024,2/1/2024
MAUMERE,Maret,0.22,2024,3/1/2024
MAUMERE,April,3.05,2024,4/1/2024
MAUMERE,Mei,3.49,2024,5/1/2024
MAUMERE,Juni,3.19,2024,6/1/2024
MAUMERE,Juli,2.33,2024,7/1/2024
MAUMERE,Agustus,0.45,2024,8/1/2024
MAUMERE,September,0.82,2024,9/1/2024
MAUMERE,Oktober,1.58,2024,10/1/2024
MAUMERE,November,1.81,2024,11/1/2024
MAUMERE,Desember,4.69,2024,12/1/2024
MAUMERE,Januari,5.28,2025,1/1/2025
MAUMERE,Februari,7.31,2025,2/1/2025
MAUMERE,Maret,9.8,2025,3/1/2025
MAUMERE,April,4.8,2025,4/1/2025
MAUMERE,Mei,3.34,2025,5/1/2025
MAUMERE,Juni,7.25,2025,6/1/2025
MAUMERE,Juli,9.24,2025,7/1/2025
MAUMERE,Agustus,10.04,2025,8/1/2025
MAUMERE,September,6.51,2025,9/1/2025
MAUMERE,Oktober,2.46,2025,10/1/2025
MAUMERE,November,1.87,2025,11/1/2025
MAUMERE,Desember,-1.04,2025,12/1/2025
MAUMERE,Januari,1.08,2026,1/1/2026
MAUMERE,Februari,0.67,2026,2/1/2026
MAUMERE,Maret,2.2,2026,3/1/2026
MAUMERE,April,3.6,2026,4/1/2026
MAUMERE,Mei,4.03,2026,5/1/2026
MERAUKE,Januari,6.34,2024,1/1/2024
MERAUKE,Februari,7.29,2024,2/1/2024
MERAUKE,Maret,4.21,2024,3/1/2024
MERAUKE,April,0.75,2024,4/1/2024
MERAUKE,Mei,4.74,2024,5/1/2024
MERAUKE,Juni,1.91,2024,6/1/2024
MERAUKE,Juli,0.4,2024,7/1/2024
MERAUKE,Agustus,2.2,2024,8/1/2024
MERAUKE,September,0.85,2024,9/1/2024
MERAUKE,Oktober,0.22,2024,10/1/2024
MERAUKE,November,0.18,2024,11/1/2024
MERAUKE,Desember,1.7,2024,12/1/2024
MERAUKE,Januari,4.49,2025,1/1/2025
MERAUKE,Februari,4.35,2025,2/1/2025
MERAUKE,Maret,4.62,2025,3/1/2025
MERAUKE,April,7.85,2025,4/1/2025
MERAUKE,Mei,2.5,2025,5/1/2025
MERAUKE,Juni,5.1,2025,6/1/2025
MERAUKE,Juli,13.43,2025,7/1/2025
MERAUKE,Agustus,8.66,2025,8/1/2025
MERAUKE,September,6.49,2025,9/1/2025
MERAUKE,Oktober,5.86,2025,10/1/2025
MERAUKE,November,4.63,2025,11/1/2025
MERAUKE,Desember,2.06,2025,12/1/2025
MERAUKE,Januari,0.79,2026,1/1/2026
MERAUKE,Februari,1.43,2026,2/1/2026
MERAUKE,Maret,4.08,2026,3/1/2026
MERAUKE,April,3.54,2026,4/1/2026
MERAUKE,Mei,-0.41,2026,5/1/2026
MEULABOH,Januari,3,2024,1/1/2024
MEULABOH,Februari,5.68,2024,2/1/2024
MEULABOH,Maret,10.68,2024,3/1/2024
MEULABOH,April,8.92,2024,4/1/2024
MEULABOH,Mei,6.7,2024,5/1/2024
MEULABOH,Juni,6.83,2024,6/1/2024
MEULABOH,Juli,2.76,2024,7/1/2024
MEULABOH,Agustus,1.62,2024,8/1/2024
MEULABOH,September,0.65,2024,9/1/2024
MEULABOH,Oktober,0.51,2024,10/1/2024
MEULABOH,November,1.1,2024,11/1/2024
MEULABOH,Desember,2.58,2024,12/1/2024
MEULABOH,Januari,2.91,2025,1/1/2025
MEULABOH,Februari,-0.38,2025,2/1/2025
MEULABOH,Maret,-1.09,2025,3/1/2025
MEULABOH,April,2.19,2025,4/1/2025
MEULABOH,Mei,2.73,2025,5/1/2025
MEULABOH,Juni,1.19,2025,6/1/2025
MEULABOH,Juli,5.37,2025,7/1/2025
MEULABOH,Agustus,8.62,2025,8/1/2025
MEULABOH,September,8.22,2025,9/1/2025
MEULABOH,Oktober,7.15,2025,10/1/2025
MEULABOH,November,3.25,2025,11/1/2025
MEULABOH,Desember,9,2025,12/1/2025
MEULABOH,Januari,3.42,2026,1/1/2026
MEULABOH,Februari,5.44,2026,2/1/2026
MEULABOH,Maret,3.86,2026,3/1/2026
MEULABOH,April,3.04,2026,4/1/2026
MEULABOH,Mei,4.85,2026,5/1/2026
MUARA BUNGO,Januari,4.74,2024,1/1/2024
MUARA BUNGO,Februari,7.51,2024,2/1/2024
MUARA BUNGO,Maret,9.79,2024,3/1/2024
MUARA BUNGO,April,8.53,2024,4/1/2024
MUARA BUNGO,Mei,7.9,2024,5/1/2024
MUARA BUNGO,Juni,7.13,2024,6/1/2024
MUARA BUNGO,Juli,3.55,2024,7/1/2024
MUARA BUNGO,Agustus,4.41,2024,8/1/2024
MUARA BUNGO,September,1.64,2024,9/1/2024
MUARA BUNGO,Oktober,2.27,2024,10/1/2024
MUARA BUNGO,November,0.81,2024,11/1/2024
MUARA BUNGO,Desember,0.49,2024,12/1/2024
MUARA BUNGO,Januari,3.38,2025,1/1/2025
MUARA BUNGO,Februari,-0.09,2025,2/1/2025
MUARA BUNGO,Maret,-0.38,2025,3/1/2025
MUARA BUNGO,April,3.15,2025,4/1/2025
MUARA BUNGO,Mei,-0.24,2025,5/1/2025
MUARA BUNGO,Juni,-0.6,2025,6/1/2025
MUARA BUNGO,Juli,5.02,2025,7/1/2025
MUARA BUNGO,Agustus,7.06,2025,8/1/2025
MUARA BUNGO,September,10.46,2025,9/1/2025
MUARA BUNGO,Oktober,10.41,2025,10/1/2025
MUARA BUNGO,November,7.85,2025,11/1/2025
MUARA BUNGO,Desember,7.94,2025,12/1/2025
MUARA BUNGO,Januari,0.96,2026,1/1/2026
MUARA BUNGO,Februari,4.48,2026,2/1/2026
MUARA BUNGO,Maret,4.75,2026,3/1/2026
MUARA BUNGO,April,3.14,2026,4/1/2026
MUARA BUNGO,Mei,6.61,2026,5/1/2026
PURWOKERTO,Januari,5.89,2024,1/1/2024
PURWOKERTO,Februari,6.92,2024,2/1/2024
PURWOKERTO,Maret,9.19,2024,3/1/2024
PURWOKERTO,April,8.22,2024,4/1/2024
PURWOKERTO,Mei,6.37,2024,5/1/2024
PURWOKERTO,Juni,4.4,2024,6/1/2024
PURWOKERTO,Juli,2.56,2024,7/1/2024
PURWOKERTO,Agustus,2.12,2024,8/1/2024
PURWOKERTO,September,0.6,2024,9/1/2024
PURWOKERTO,Oktober,0.43,2024,10/1/2024
PURWOKERTO,November,-0.53,2024,11/1/2024
PURWOKERTO,Desember,1.02,2024,12/1/2024
PURWOKERTO,Januari,3.44,2025,1/1/2025
PURWOKERTO,Februari,1.01,2025,2/1/2025
PURWOKERTO,Maret,1.13,2025,3/1/2025
PURWOKERTO,April,0.7,2025,4/1/2025
PURWOKERTO,Mei,-0.68,2025,5/1/2025
PURWOKERTO,Juni,1.74,2025,6/1/2025
PURWOKERTO,Juli,2.9,2025,7/1/2025
PURWOKERTO,Agustus,2.92,2025,8/1/2025
PURWOKERTO,September,4.26,2025,9/1/2025
PURWOKERTO,Oktober,4.24,2025,10/1/2025
PURWOKERTO,November,3.77,2025,11/1/2025
PURWOKERTO,Desember,3.5,2025,12/1/2025
PURWOKERTO,Januari,-0.87,2026,1/1/2026
PURWOKERTO,Februari,2.58,2026,2/1/2026
PURWOKERTO,Maret,2.99,2026,3/1/2026
PURWOKERTO,April,2.96,2026,4/1/2026
PURWOKERTO,Mei,5.6,2026,5/1/2026
SAMPIT,Januari,5.17,2024,1/1/2024
SAMPIT,Februari,3.43,2024,2/1/2024
SAMPIT,Maret,5.16,2024,3/1/2024
SAMPIT,April,7.06,2024,4/1/2024
SAMPIT,Mei,7.14,2024,5/1/2024
SAMPIT,Juni,4.89,2024,6/1/2024
SAMPIT,Juli,1.82,2024,7/1/2024
SAMPIT,Agustus,0.99,2024,8/1/2024
SAMPIT,September,0.83,2024,9/1/2024
SAMPIT,Oktober,-0.05,2024,10/1/2024
SAMPIT,November,-0.13,2024,11/1/2024
SAMPIT,Desember,0.22,2024,12/1/2024
SAMPIT,Januari,1.46,2025,1/1/2025
SAMPIT,Februari,1.88,2025,2/1/2025
SAMPIT,Maret,0.33,2025,3/1/2025
SAMPIT,April,-2.04,2025,4/1/2025
SAMPIT,Mei,-3.89,2025,5/1/2025
SAMPIT,Juni,-1.97,2025,6/1/2025
SAMPIT,Juli,1.83,2025,7/1/2025
SAMPIT,Agustus,2.23,2025,8/1/2025
SAMPIT,September,3.59,2025,9/1/2025
SAMPIT,Oktober,3.58,2025,10/1/2025
SAMPIT,November,1.91,2025,11/1/2025
SAMPIT,Desember,2.09,2025,12/1/2025
SAMPIT,Januari,0.85,2026,1/1/2026
SAMPIT,Februari,3.78,2026,2/1/2026
SAMPIT,Maret,4.13,2026,3/1/2026
SAMPIT,April,5.08,2026,4/1/2026
SAMPIT,Mei,5.87,2026,5/1/2026
SINGARAJA,Januari,7.25,2024,1/1/2024
SINGARAJA,Februari,8.38,2024,2/1/2024
SINGARAJA,Maret,11.14,2024,3/1/2024
SINGARAJA,April,11.6,2024,4/1/2024
SINGARAJA,Mei,8.5,2024,5/1/2024
SINGARAJA,Juni,5.26,2024,6/1/2024
SINGARAJA,Juli,4.33,2024,7/1/2024
SINGARAJA,Agustus,2.65,2024,8/1/2024
SINGARAJA,September,2.77,2024,9/1/2024
SINGARAJA,Oktober,2.54,2024,10/1/2024
SINGARAJA,November,3.41,2024,11/1/2024
SINGARAJA,Desember,3.15,2024,12/1/2024
SINGARAJA,Januari,8.72,2025,1/1/2025
SINGARAJA,Februari,5.54,2025,2/1/2025
SINGARAJA,Maret,2.59,2025,3/1/2025
SINGARAJA,April,1.93,2025,4/1/2025
SINGARAJA,Mei,1.95,2025,5/1/2025
SINGARAJA,Juni,5.5,2025,6/1/2025
SINGARAJA,Juli,6.63,2025,7/1/2025
SINGARAJA,Agustus,5.78,2025,8/1/2025
SINGARAJA,September,5.1,2025,9/1/2025
SINGARAJA,Oktober,5.46,2025,10/1/2025
SINGARAJA,November,3.76,2025,11/1/2025
SINGARAJA,Desember,4.94,2025,12/1/2025
SINGARAJA,Januari,-1.63,2026,1/1/2026
SINGARAJA,Februari,2.27,2026,2/1/2026
SINGARAJA,Maret,3,2026,3/1/2026
SINGARAJA,April,2.46,2026,4/1/2026
SINGARAJA,Mei,5.01,2026,5/1/2026
SINTANG,Januari,4.13,2024,1/1/2024
SINTANG,Februari,5.15,2024,2/1/2024
SINTANG,Maret,6.45,2024,3/1/2024
SINTANG,April,7.11,2024,4/1/2024
SINTANG,Mei,6.8,2024,5/1/2024
SINTANG,Juni,4.07,2024,6/1/2024
SINTANG,Juli,2.61,2024,7/1/2024
SINTANG,Agustus,3.38,2024,8/1/2024
SINTANG,September,4.01,2024,9/1/2024
SINTANG,Oktober,3.78,2024,10/1/2024
SINTANG,November,3.25,2024,11/1/2024
SINTANG,Desember,2.86,2024,12/1/2024
SINTANG,Januari,3.44,2025,1/1/2025
SINTANG,Februari,2.65,2025,2/1/2025
SINTANG,Maret,1.31,2025,3/1/2025
SINTANG,April,1.05,2025,4/1/2025
SINTANG,Mei,-0.32,2025,5/1/2025
SINTANG,Juni,1.37,2025,6/1/2025
SINTANG,Juli,3.52,2025,7/1/2025
SINTANG,Agustus,3.54,2025,8/1/2025
SINTANG,September,2.31,2025,9/1/2025
SINTANG,Oktober,2.24,2025,10/1/2025
SINTANG,November,2.49,2025,11/1/2025
SINTANG,Desember,1.71,2025,12/1/2025
SINTANG,Januari,1.37,2026,1/1/2026
SINTANG,Februari,3.05,2026,2/1/2026
SINTANG,Maret,4.11,2026,3/1/2026
SINTANG,April,4.05,2026,4/1/2026
SINTANG,Mei,5.81,2026,5/1/2026
SUMENEP,Januari,8.12,2024,1/1/2024
SUMENEP,Februari,10.95,2024,2/1/2024
SUMENEP,Maret,11.19,2024,3/1/2024
SUMENEP,April,10.71,2024,4/1/2024
SUMENEP,Mei,4.72,2024,5/1/2024
SUMENEP,Juni,4.15,2024,6/1/2024
SUMENEP,Juli,4.93,2024,7/1/2024
SUMENEP,Agustus,4.17,2024,8/1/2024
SUMENEP,September,1.42,2024,9/1/2024
SUMENEP,Oktober,1.34,2024,10/1/2024
SUMENEP,November,0.75,2024,11/1/2024
SUMENEP,Desember,0.27,2024,12/1/2024
SUMENEP,Januari,1.54,2025,1/1/2025
SUMENEP,Februari,-1.01,2025,2/1/2025
SUMENEP,Maret,-0.49,2025,3/1/2025
SUMENEP,April,-1.88,2025,4/1/2025
SUMENEP,Mei,-1.03,2025,5/1/2025
SUMENEP,Juni,2.06,2025,6/1/2025
SUMENEP,Juli,3.27,2025,7/1/2025
SUMENEP,Agustus,3.59,2025,8/1/2025
SUMENEP,September,4.52,2025,9/1/2025
SUMENEP,Oktober,4,2025,10/1/2025
SUMENEP,November,3.07,2025,11/1/2025
SUMENEP,Desember,3.79,2025,12/1/2025
SUMENEP,Januari,2.07,2026,1/1/2026
SUMENEP,Februari,4.67,2026,2/1/2026
SUMENEP,Maret,4.82,2026,3/1/2026
SUMENEP,April,4.85,2026,4/1/2026
SUMENEP,Mei,8.58,2026,5/1/2026
TANJUNG,Januari,2.62,2024,1/1/2024
TANJUNG,Februari,1.89,2024,2/1/2024
TANJUNG,Maret,2.13,2024,3/1/2024
TANJUNG,April,3.17,2024,4/1/2024
TANJUNG,Mei,2.14,2024,5/1/2024
TANJUNG,Juni,1.96,2024,6/1/2024
TANJUNG,Juli,0.04,2024,7/1/2024
TANJUNG,Agustus,0.38,2024,8/1/2024
TANJUNG,September,1.34,2024,9/1/2024
TANJUNG,Oktober,-0.47,2024,10/1/2024
TANJUNG,November,-1.04,2024,11/1/2024
TANJUNG,Desember,-1.07,2024,12/1/2024
TANJUNG,Januari,-0.78,2025,1/1/2025
TANJUNG,Februari,-0.61,2025,2/1/2025
TANJUNG,Maret,-0.73,2025,3/1/2025
TANJUNG,April,-2.06,2025,4/1/2025
TANJUNG,Mei,-3.71,2025,5/1/2025
TANJUNG,Juni,-2.35,2025,6/1/2025
TANJUNG,Juli,-0.25,2025,7/1/2025
TANJUNG,Agustus,0.03,2025,8/1/2025
TANJUNG,September,0.49,2025,9/1/2025
TANJUNG,Oktober,-0.32,2025,10/1/2025
TANJUNG,November,0.08,2025,11/1/2025
TANJUNG,Desember,0.71,2025,12/1/2025
TANJUNG,Januari,0.11,2026,1/1/2026
TANJUNG,Februari,2.75,2026,2/1/2026
TANJUNG,Maret,4.26,2026,3/1/2026
TANJUNG,April,5.15,2026,4/1/2026
TANJUNG,Mei,5.69,2026,5/1/2026
TANJUNG PANDAN,Januari,0.73,2024,1/1/2024
TANJUNG PANDAN,Februari,5.92,2024,2/1/2024
TANJUNG PANDAN,Maret,2.71,2024,3/1/2024
TANJUNG PANDAN,April,6.87,2024,4/1/2024
TANJUNG PANDAN,Mei,1.81,2024,5/1/2024
TANJUNG PANDAN,Juni,-2.95,2024,6/1/2024
TANJUNG PANDAN,Juli,-2.54,2024,7/1/2024
TANJUNG PANDAN,Agustus,3.41,2024,8/1/2024
TANJUNG PANDAN,September,-2.28,2024,9/1/2024
TANJUNG PANDAN,Oktober,-2.85,2024,10/1/2024
TANJUNG PANDAN,November,-1.94,2024,11/1/2024
TANJUNG PANDAN,Desember,4.05,2024,12/1/2024
TANJUNG PANDAN,Januari,7.45,2025,1/1/2025
TANJUNG PANDAN,Februari,3.52,2025,2/1/2025
TANJUNG PANDAN,Maret,0.54,2025,3/1/2025
TANJUNG PANDAN,April,0.22,2025,4/1/2025
TANJUNG PANDAN,Mei,-1.95,2025,5/1/2025
TANJUNG PANDAN,Juni,4.39,2025,6/1/2025
TANJUNG PANDAN,Juli,9.01,2025,7/1/2025
TANJUNG PANDAN,Agustus,1.49,2025,8/1/2025
TANJUNG PANDAN,September,4.7,2025,9/1/2025
TANJUNG PANDAN,Oktober,9.39,2025,10/1/2025
TANJUNG PANDAN,November,7.53,2025,11/1/2025
TANJUNG PANDAN,Desember,5.43,2025,12/1/2025
TANJUNG PANDAN,Januari,3.92,2026,1/1/2026
TANJUNG PANDAN,Februari,1.74,2026,2/1/2026
TANJUNG PANDAN,Maret,6.89,2026,3/1/2026
TANJUNG PANDAN,April,5.06,2026,4/1/2026
TANJUNG PANDAN,Mei,8.45,2026,5/1/2026
TANJUNG SELOR,Januari,3.87,2024,1/1/2024
TANJUNG SELOR,Februari,6.09,2024,2/1/2024
TANJUNG SELOR,Maret,7.07,2024,3/1/2024
TANJUNG SELOR,April,4.3,2024,4/1/2024
TANJUNG SELOR,Mei,5.42,2024,5/1/2024
TANJUNG SELOR,Juni,3.3,2024,6/1/2024
TANJUNG SELOR,Juli,3.25,2024,7/1/2024
TANJUNG SELOR,Agustus,2.77,2024,8/1/2024
TANJUNG SELOR,September,5.57,2024,9/1/2024
TANJUNG SELOR,Oktober,3.57,2024,10/1/2024
TANJUNG SELOR,November,1.25,2024,11/1/2024
TANJUNG SELOR,Desember,0.75,2024,12/1/2024
TANJUNG SELOR,Januari,3.19,2025,1/1/2025
TANJUNG SELOR,Februari,1.33,2025,2/1/2025
TANJUNG SELOR,Maret,1.68,2025,3/1/2025
TANJUNG SELOR,April,2.5,2025,4/1/2025
TANJUNG SELOR,Mei,0.71,2025,5/1/2025
TANJUNG SELOR,Juni,0,2025,6/1/2025
TANJUNG SELOR,Juli,3.33,2025,7/1/2025
TANJUNG SELOR,Agustus,4.46,2025,8/1/2025
TANJUNG SELOR,September,2.18,2025,9/1/2025
TANJUNG SELOR,Oktober,0.93,2025,10/1/2025
TANJUNG SELOR,November,2.45,2025,11/1/2025
TANJUNG SELOR,Desember,2.86,2025,12/1/2025
TANJUNG SELOR,Januari,-1.22,2026,1/1/2026
TANJUNG SELOR,Februari,0.84,2026,2/1/2026
TANJUNG SELOR,Maret,0.96,2026,3/1/2026
TANJUNG SELOR,April,0.78,2026,4/1/2026
TANJUNG SELOR,Mei,1.2,2026,5/1/2026
TEMBILAHAN,Januari,3.13,2024,1/1/2024
TEMBILAHAN,Februari,4.31,2024,2/1/2024
TEMBILAHAN,Maret,8.04,2024,3/1/2024
TEMBILAHAN,April,8.29,2024,4/1/2024
TEMBILAHAN,Mei,8.29,2024,5/1/2024
TEMBILAHAN,Juni,7.1,2024,6/1/2024
TEMBILAHAN,Juli,2.1,2024,7/1/2024
TEMBILAHAN,Agustus,2.12,2024,8/1/2024
TEMBILAHAN,September,1.19,2024,9/1/2024
TEMBILAHAN,Oktober,3.36,2024,10/1/2024
TEMBILAHAN,November,2.1,2024,11/1/2024
TEMBILAHAN,Desember,3.68,2024,12/1/2024
TEMBILAHAN,Januari,4.79,2025,1/1/2025
TEMBILAHAN,Februari,2.86,2025,2/1/2025
TEMBILAHAN,Maret,2.59,2025,3/1/2025
TEMBILAHAN,April,2.9,2025,4/1/2025
TEMBILAHAN,Mei,0.51,2025,5/1/2025
TEMBILAHAN,Juni,0.01,2025,6/1/2025
TEMBILAHAN,Juli,4.81,2025,7/1/2025
TEMBILAHAN,Agustus,7.84,2025,8/1/2025
TEMBILAHAN,September,13.49,2025,9/1/2025
TEMBILAHAN,Oktober,11.47,2025,10/1/2025
TEMBILAHAN,November,9.8,2025,11/1/2025
TEMBILAHAN,Desember,10.54,2025,12/1/2025
TEMBILAHAN,Januari,4.37,2026,1/1/2026
TEMBILAHAN,Februari,7.53,2026,2/1/2026
TEMBILAHAN,Maret,5.57,2026,3/1/2026
TEMBILAHAN,April,2.9,2026,4/1/2026
TEMBILAHAN,Mei,4.61,2026,5/1/2026
TIMIKA,Januari,7.51,2024,1/1/2024
TIMIKA,Februari,4.77,2024,2/1/2024
TIMIKA,Maret,5.55,2024,3/1/2024
TIMIKA,April,4.87,2024,4/1/2024
TIMIKA,Mei,7.19,2024,5/1/2024
TIMIKA,Juni,5.3,2024,6/1/2024
TIMIKA,Juli,3.66,2024,7/1/2024
TIMIKA,Agustus,3.33,2024,8/1/2024
TIMIKA,September,6.07,2024,9/1/2024
TIMIKA,Oktober,8,2024,10/1/2024
TIMIKA,November,7.69,2024,11/1/2024
TIMIKA,Desember,6.57,2024,12/1/2024
TIMIKA,Januari,5.2,2025,1/1/2025
TIMIKA,Februari,7.65,2025,2/1/2025
TIMIKA,Maret,7.93,2025,3/1/2025
TIMIKA,April,7.88,2025,4/1/2025
TIMIKA,Mei,3.03,2025,5/1/2025
TIMIKA,Juni,3.66,2025,6/1/2025
TIMIKA,Juli,4.56,2025,7/1/2025
TIMIKA,Agustus,2.15,2025,8/1/2025
TIMIKA,September,1.62,2025,9/1/2025
TIMIKA,Oktober,-0.72,2025,10/1/2025
TIMIKA,November,-0.83,2025,11/1/2025
TIMIKA,Desember,-0.65,2025,12/1/2025
TIMIKA,Januari,-0.94,2026,1/1/2026
TIMIKA,Februari,-0.92,2026,2/1/2026
TIMIKA,Maret,-1.71,2026,3/1/2026
TIMIKA,April,-2.88,2026,4/1/2026
TIMIKA,Mei,-0.84,2026,5/1/2026
WAINGAPU,Januari,4.65,2024,1/1/2024
WAINGAPU,Februari,2.69,2024,2/1/2024
WAINGAPU,Maret,2.02,2024,3/1/2024
WAINGAPU,April,3.33,2024,4/1/2024
WAINGAPU,Mei,2.49,2024,5/1/2024
WAINGAPU,Juni,-1.12,2024,6/1/2024
WAINGAPU,Juli,0.03,2024,7/1/2024
WAINGAPU,Agustus,2.05,2024,8/1/2024
WAINGAPU,September,1.66,2024,9/1/2024
WAINGAPU,Oktober,2.62,2024,10/1/2024
WAINGAPU,November,4.6,2024,11/1/2024
WAINGAPU,Desember,2.96,2024,12/1/2024
WAINGAPU,Januari,9.19,2025,1/1/2025
WAINGAPU,Februari,9.76,2025,2/1/2025
WAINGAPU,Maret,7.51,2025,3/1/2025
WAINGAPU,April,5.47,2025,4/1/2025
WAINGAPU,Mei,3.75,2025,5/1/2025
WAINGAPU,Juni,6.21,2025,6/1/2025
WAINGAPU,Juli,5.25,2025,7/1/2025
WAINGAPU,Agustus,1.76,2025,8/1/2025
WAINGAPU,September,0.19,2025,9/1/2025
WAINGAPU,Oktober,2.56,2025,10/1/2025
WAINGAPU,November,2.72,2025,11/1/2025
WAINGAPU,Desember,4.61,2025,12/1/2025
WAINGAPU,Januari,3.01,2026,1/1/2026
WAINGAPU,Februari,2.91,2026,2/1/2026
WAINGAPU,Maret,3.82,2026,3/1/2026
WAINGAPU,April,4.43,2026,4/1/2026
WAINGAPU,Mei,5.75,2026,5/1/2026
WATAMPONE,Januari,5.68,2024,1/1/2024
WATAMPONE,Februari,7.58,2024,2/1/2024
WATAMPONE,Maret,6.21,2024,3/1/2024
WATAMPONE,April,6.36,2024,4/1/2024
WATAMPONE,Mei,5.35,2024,5/1/2024
WATAMPONE,Juni,5.05,2024,6/1/2024
WATAMPONE,Juli,3.89,2024,7/1/2024
WATAMPONE,Agustus,3.07,2024,8/1/2024
WATAMPONE,September,0.85,2024,9/1/2024
WATAMPONE,Oktober,-0.02,2024,10/1/2024
WATAMPONE,November,0.34,2024,11/1/2024
WATAMPONE,Desember,-0.48,2024,12/1/2024
WATAMPONE,Januari,0.56,2025,1/1/2025
WATAMPONE,Februari,-1.84,2025,2/1/2025
WATAMPONE,Maret,0.56,2025,3/1/2025
WATAMPONE,April,-0.08,2025,4/1/2025
WATAMPONE,Mei,-0.11,2025,5/1/2025
WATAMPONE,Juni,0.28,2025,6/1/2025
WATAMPONE,Juli,4.57,2025,7/1/2025
WATAMPONE,Agustus,5.16,2025,8/1/2025
WATAMPONE,September,6.01,2025,9/1/2025
WATAMPONE,Oktober,5.77,2025,10/1/2025
WATAMPONE,November,3.51,2025,11/1/2025
WATAMPONE,Desember,3.76,2025,12/1/2025
WATAMPONE,Januari,4.36,2026,1/1/2026
WATAMPONE,Februari,6.76,2026,2/1/2026
WATAMPONE,Maret,6.53,2026,3/1/2026
WATAMPONE,April,7.11,2026,4/1/2026
WATAMPONE,Mei,7.13,2026,5/1/2026
